tree_id,civic_number,std_street,genus_name,species_name,cultivar_name,common_name,assigned,root_barrier,plant_area,on_street_block,on_street,neighbourhood_name,street_side_name,height_range_id,diameter,curb,date_planted,longitude,latitude,tree_height
162057,600,W 10TH AV,CHAMAECYPARIS,SPECIES,NA,FALSECYPRESS SPECIES,Y,N,B,2500,ASH ST,FAIRVIEW,ODD,5,12,Y,NA,NA,NA,50-60
163167,2836,ASH ST,FRAXINUS,EXCELSIOR,NA,EUROPEAN ASH,N,N,6,2800,ASH ST,FAIRVIEW,EVEN,4,21,Y,NA,-123.117566,49.259586,40-50
223127,806,W 10TH AV,MAGNOLIA,KOBUS,NA,KOBUS MAGNOLIA,N,N,7,800,W 10TH AV,FAIRVIEW,EVEN,1,3,Y,2010-02-09,-123.121904,49.262314,10-20
223129,828,W 10TH AV,CERCIDIPHYLLUM,JAPONICUM,NA,KATSURA TREE,N,Y,8,800,W 10TH AV,FAIRVIEW,EVEN,2,3,Y,2010-02-09,-123.122845,49.262331,20-30
11690,1365,W 12TH AV,ACER,RUBRUM,NA,RED MAPLE,N,N,C,1300,W 12TH AV,FAIRVIEW,ODD,3,20.4,Y,NA,-123.135334,49.260792,30-40
11696,1385,W 12TH AV,ACER,RUBRUM,NA,RED MAPLE,N,N,C,1300,W 12TH AV,FAIRVIEW,ODD,3,16.6,Y,NA,-123.135656,49.260806,30-40
11717,1507,W 12TH AV,ACER,PLATANOIDES,NA,NORWAY MAPLE,N,N,C,1500,W 12TH AV,FAIRVIEW,ODD,2,13,Y,NA,-123.139194,49.260861,20-30
11718,1507,W 12TH AV,ACER,PLATANOIDES,NA,NORWAY MAPLE,N,N,C,1500,W 12TH AV,FAIRVIEW,ODD,2,14,Y,NA,-123.138961,49.260858,20-30
11728,1568,W 12TH AV,ACER,RUBRUM,NA,RED MAPLE,N,N,3,1500,W 12TH AV,FAIRVIEW,EVEN,3,17,Y,NA,-123.140217,49.260714,30-40
11739,1610,W 12TH AV,ACER,RUBRUM,NA,RED MAPLE,N,N,3,1600,W 12TH AV,FAIRVIEW,EVEN,4,18,Y,NA,-123.141529,49.260733,40-50
11740,1626,W 12TH AV,ACER,RUBRUM,NA,RED MAPLE,N,N,3,1600,W 12TH AV,FAIRVIEW,EVEN,4,25,Y,NA,-123.141726,49.260742,40-50
11742,1635,W 12TH AV,ACER,RUBRUM,NA,RED MAPLE,N,N,3,1600,W 12TH AV,FAIRVIEW,ODD,4,12,Y,NA,-123.141892,49.2609,40-50
11743,1635,W 12TH AV,ACER,RUBRUM,NA,RED MAPLE,N,N,3,1600,W 12TH AV,FAIRVIEW,ODD,4,14,Y,NA,-123.141708,49.2609,40-50
11748,1638,W 12TH AV,ACER,RUBRUM,NA,RED MAPLE,N,N,3,1600,W 12TH AV,FAIRVIEW,EVEN,3,18,Y,NA,-123.142365,49.260761,30-40
11749,1645,W 12TH AV,ACER,RUBRUM,NA,RED MAPLE,N,N,3,1600,W 12TH AV,FAIRVIEW,ODD,4,15,Y,NA,-123.142221,49.2609,40-50
11750,1663,W 12TH AV,ACER,PLATANOIDES,NA,NORWAY MAPLE,N,N,7,1600,W 12TH AV,FAIRVIEW,ODD,5,13,Y,NA,-123.142679,49.260903,50-60
11751,1663,W 12TH AV,ACER,CAMPESTRE,NA,HEDGE MAPLE,N,N,3,1600,W 12TH AV,FAIRVIEW,ODD,4,19,Y,NA,-123.142469,49.2609,40-50
11753,1675,W 12TH AV,ACER,CAMPESTRE,NA,HEDGE MAPLE,N,N,7,1600,W 12TH AV,FAIRVIEW,ODD,3,17,Y,NA,-123.142883,49.260906,30-40
11756,1686,W 12TH AV,ACER,CAMPESTRE,NA,HEDGE MAPLE,N,N,3,1600,W 12TH AV,FAIRVIEW,EVEN,4,15,Y,NA,-123.143284,49.260781,40-50
11757,1720,W 12TH AV,ACER,PLATANOIDES,SCHWEDLERI,SCHWEDLER NORWAY MAPLE,N,N,10,1700,W 12TH AV,FAIRVIEW,EVEN,4,12,Y,NA,-123.143894,49.260786,40-50
11758,1720,W 12TH AV,ACER,SACCHARUM,NA,SUGAR MAPLE,N,N,10,1700,W 12TH AV,FAIRVIEW,EVEN,5,22,Y,NA,-123.144074,49.260792,50-60
11759,1720,W 12TH AV,ACER,PLATANOIDES,SCHWEDLERI,SCHWEDLER NORWAY MAPLE,N,N,10,1700,W 12TH AV,FAIRVIEW,EVEN,4,14,Y,NA,-123.144266,49.260794,40-50
11760,1720,W 12TH AV,ACER,SACCHARUM,NA,SUGAR MAPLE,N,N,10,1700,W 12TH AV,FAIRVIEW,EVEN,4,14,Y,NA,-123.144469,49.260803,40-50
11763,1725,W 12TH AV,ACER,SACCHARUM,NA,SUGAR MAPLE,N,N,10,1700,W 12TH AV,FAIRVIEW,ODD,4,16,Y,NA,-123.144086,49.260925,40-50
11768,1770,W 12TH AV,ACER,SACCHARUM,NA,SUGAR MAPLE,N,N,10,1700,W 12TH AV,FAIRVIEW,EVEN,5,21,Y,NA,-123.144841,49.260806,50-60
11769,1770,W 12TH AV,ACER,PLATANOIDES,SCHWEDLERI,SCHWEDLER NORWAY MAPLE,N,N,10,1700,W 12TH AV,FAIRVIEW,EVEN,5,29,Y,NA,-123.14502,49.260811,50-60
11770,1770,W 12TH AV,ACER,SACCHARUM,NA,SUGAR MAPLE,N,N,10,1700,W 12TH AV,FAIRVIEW,EVEN,5,22,Y,NA,-123.145212,49.260814,50-60
11771,1770,W 12TH AV,ACER,PLATANOIDES,SCHWEDLERI,SCHWEDLER NORWAY MAPLE,N,N,10,1700,W 12TH AV,FAIRVIEW,EVEN,4,14,Y,NA,-123.145419,49.260814,40-50
11863,1310,W 10TH AV,ACER,PLATANOIDES,EMERALD QUEEN,EMERALD QUEEN NORWAY MAPLE,N,Y,6,1300,W 10TH AV,FAIRVIEW,EVEN,1,3,Y,2008-11-24,-123.133926,49.262522,10-20
196671,500,W 10TH AV,ULMUS,AMERICANA,NA,AMERICAN ELM,N,N,10,500,W 10TH AV,FAIRVIEW,EVEN,4,11,Y,NA,-123.115778,49.262214,40-50
230738,1557,W 12TH AV,ACER,RUBRUM,BOWHALL,BOWHALL RED MAPLE,N,N,3,1500,W 12TH AV,FAIRVIEW,ODD,1,3,Y,2010-12-17,-123.139999,49.260878,10-20
231023,555,W 12TH AV,ACER,RUBRUM,NA,RED MAPLE,N,N,4,500,W 12TH AV,FAIRVIEW,ODD,4,9,Y,NA,-123.116931,49.260506,40-50
231272,555,W 12TH AV,ACER,RUBRUM,NA,RED MAPLE,N,N,4,500,W 12TH AV,FAIRVIEW,ODD,4,8.5,Y,NA,-123.116871,49.260506,40-50
231883,1306,W 12TH AV,ACER,PLATANOIDES,PRINCETON GOLD,PRINCETON GOLD MAPLE,N,N,B,1300,W 12TH AV,FAIRVIEW,EVEN,1,3,Y,2012-02-27,-123.1341,49.260617,10-20
207221,675,W 10TH AV,ULMUS,AMERICANA,NA,AMERICAN ELM,N,N,5,600,W 10TH AV,FAIRVIEW,ODD,1,5,N,2005-04-05,NA,NA,10-20
207222,675,W 10TH AV,ULMUS,AMERICANA,NA,AMERICAN ELM,N,N,5,600,W 10TH AV,FAIRVIEW,ODD,1,4,Y,2005-04-05,NA,NA,10-20
207223,675,W 10TH AV,ULMUS,AMERICANA,NA,AMERICAN ELM,N,N,10,600,W 10TH AV,FAIRVIEW,ODD,1,3,Y,2005-04-05,NA,NA,10-20
207677,3089,OAK ST,ACER,TRUNCATUM,PACIFIC SUNSET,PACIFIC SUNSET MAPLE,N,N,8,3000,OAK ST,FAIRVIEW,ODD,2,4,Y,2005-05-15,-123.126951,49.258194,20-30
149544,500,W 10TH AV,ULMUS,AMERICANA,NA,AMERICAN ELM,N,N,10,500,W 10TH AV,FAIRVIEW,EVEN,4,9,Y,1993-12-22,-123.115465,49.262214,40-50
149546,534,W 10TH AV,ULMUS,AMERICANA,NA,AMERICAN ELM,Y,N,10,500,W 10TH AV,FAIRVIEW,EVEN,4,15.5,Y,1993-12-22,-123.116466,49.262222,40-50
16238,555,W 12TH AV,ACER,RUBRUM,NA,RED MAPLE,N,N,4,500,W 12TH AV,FAIRVIEW,ODD,4,11,Y,NA,-123.116744,49.260503,40-50
145763,895,W 10TH AV,FRAXINUS,ORNUS,ARIE PETERS,FLOWERING ASH,N,Y,7,800,W 10TH AV,FAIRVIEW,ODD,2,9.5,Y,NA,-123.123481,49.262436,20-30
5708,1340,W 12TH AV,ACER,PLATANOIDES,PRINCETON GOLD,PRINCETON GOLD MAPLE,N,N,B,1300,W 12TH AV,FAIRVIEW,EVEN,1,3,Y,2012-02-27,-123.134397,49.260619,10-20
9468,515,W 10TH AV,ULMUS,GLABRA,NA,SCOTS ELM,N,N,5,500,W 10TH AV,FAIRVIEW,ODD,6,23,N,NA,-123.115906,49.262314,60-70
9474,534,W 10TH AV,ULMUS,GLABRA,NA,SCOTS ELM,Y,N,10,500,W 10TH AV,FAIRVIEW,EVEN,4,10,Y,NA,-123.11636,49.262217,40-50
9476,534,W 10TH AV,ULMUS,AMERICANA,NA,AMERICAN ELM,Y,N,10,500,W 10TH AV,FAIRVIEW,EVEN,4,14,Y,NA,-123.116803,49.262231,40-50
9477,534,W 10TH AV,ULMUS,GLABRA,NA,SCOTS ELM,Y,N,10,500,W 10TH AV,FAIRVIEW,EVEN,4,13,Y,NA,-123.116935,49.262233,40-50
9480,534,W 10TH AV,ULMUS,GLABRA,NA,SCOTS ELM,Y,N,10,500,W 10TH AV,FAIRVIEW,EVEN,5,14,Y,NA,-123.117197,49.262239,50-60
9486,535,W 10TH AV,ULMUS,AMERICANA,NA,AMERICAN ELM,N,N,7,500,W 10TH AV,FAIRVIEW,ODD,6,21,N,NA,-123.116311,49.262317,60-70
9488,525,W 10TH AV,ULMUS,GLABRA,NA,SCOTS ELM,N,N,5,500,W 10TH AV,FAIRVIEW,ODD,5,16.5,N,NA,-123.116037,49.262317,50-60
9492,565,W 10TH AV,ULMUS,AMERICANA,NA,AMERICAN ELM,N,N,4,500,W 10TH AV,FAIRVIEW,ODD,4,18.5,N,NA,-123.1167,49.262325,40-50
9493,575,W 10TH AV,ULMUS,GLABRA,NA,SCOTS ELM,N,N,4,500,W 10TH AV,FAIRVIEW,ODD,6,21,Y,NA,-123.11732,49.262333,60-70
9503,600,W 10TH AV,ULMUS,AMERICANA,NA,AMERICAN ELM,N,N,4,600,W 10TH AV,FAIRVIEW,EVEN,5,25,Y,NA,-123.119481,49.262275,50-60
9507,600,W 10TH AV,ACER,PSEUDOPLATANUS,NA,SYCAMORE MAPLE,N,N,4,2600,HEATHER ST,FAIRVIEW,EVEN,3,9,Y,NA,-123.119844,49.262006,30-40
9509,600,W 10TH AV,ACER,PSEUDOPLATANUS,NA,SYCAMORE MAPLE,N,N,4,2600,HEATHER ST,FAIRVIEW,EVEN,3,12,Y,NA,-123.119856,49.261767,30-40
9512,601,W 10TH AV,ULMUS,AMERICANA,NA,AMERICAN ELM,N,N,6,600,W 10TH AV,FAIRVIEW,ODD,6,24,Y,NA,NA,NA,60-70
9513,601,W 10TH AV,ULMUS,AMERICANA,NA,AMERICAN ELM,N,N,6,600,W 10TH AV,FAIRVIEW,ODD,6,24,Y,NA,NA,NA,60-70
9514,601,W 10TH AV,ULMUS,AMERICANA,NA,AMERICAN ELM,N,N,6,600,W 10TH AV,FAIRVIEW,ODD,6,24,Y,NA,NA,NA,60-70
9516,601,W 10TH AV,ULMUS,AMERICANA,NA,AMERICAN ELM,N,N,6,600,W 10TH AV,FAIRVIEW,ODD,6,25,Y,NA,NA,NA,60-70
9519,601,W 10TH AV,ULMUS,AMERICANA,NA,AMERICAN ELM,N,N,6,2500,ASH ST,FAIRVIEW,ODD,4,25.5,Y,NA,NA,NA,40-50
9521,675,W 10TH AV,ULMUS,AMERICANA,NA,AMERICAN ELM,N,N,6,600,W 10TH AV,FAIRVIEW,ODD,6,29,Y,NA,-123.119365,49.262369,60-70
9529,700,W 10TH AV,CARPINUS,BETULUS,NA,EUROPEAN HORNBEAM,N,N,7,700,W 10TH AV,FAIRVIEW,EVEN,4,11,Y,NA,-123.120937,49.262303,40-50
9533,700,W 10TH AV,CARPINUS,BETULUS,NA,EUROPEAN HORNBEAM,N,N,7,700,W 10TH AV,FAIRVIEW,EVEN,5,13,Y,NA,-123.12152,49.262308,50-60
9558,985,W 10TH AV,PRUNUS,SERRULATA,UKON,UKON JAPANESE CHERRY,N,N,B,900,W 10TH AV,FAIRVIEW,ODD,2,26,Y,NA,-123.126232,49.262503,20-30
82673,675,W 10TH AV,PRUNUS,SERRULATA,KWANZAN,KWANZAN FLOWERING CHERRY,N,N,G,2500,HEATHER ST,FAIRVIEW,EVEN,2,9,Y,NA,-123.119825,49.262528,20-30
105098,2310,ASH ST,FRAXINUS,OXYCARPA,RAYWOOD,RAYWOOD ASH,N,N,4,2300,ASH ST,FAIRVIEW,EVEN,3,10,Y,2006-11-23,-123.117351,49.264903,30-40
100717,2301,OAK ST,ACER,RUBRUM,RED SUNSET,RED SUNSET RED MAPLE,N,N,8,2300,OAK ST,FAIRVIEW,ODD,4,10,Y,NA,NA,NA,40-50
100719,2305,OAK ST,ACER,RUBRUM,RED SUNSET,RED SUNSET RED MAPLE,N,N,8,2300,OAK ST,FAIRVIEW,ODD,4,11,Y,NA,-123.126639,49.264933,40-50
100744,2389,OAK ST,ACER,RUBRUM,RED SUNSET,RED SUNSET RED MAPLE,N,N,B,2300,OAK ST,FAIRVIEW,ODD,4,13,Y,NA,-123.12665,49.264622,40-50
109604,3030,OAK ST,ACER,PLATANOIDES,NA,NORWAY MAPLE,N,N,B,3000,OAK ST,FAIRVIEW,EVEN,4,30,Y,NA,-123.126623,49.258431,40-50
100754,2395,OAK ST,PRUNUS,CERASIFERA,ATROPURPUREUM,PISSARD PLUM,N,N,B,2300,OAK ST,FAIRVIEW,ODD,5,20,Y,NA,NA,NA,50-60
100768,2400,OAK ST,ACER,RUBRUM,NA,RED MAPLE,Y,N,B,2400,OAK ST,FAIRVIEW,EVEN,2,13,Y,NA,-123.126468,49.264069,20-30
18120,555,W 12TH AV,QUERCUS,PALUSTRIS,NA,PIN OAK,N,N,4,500,W 12TH AV,FAIRVIEW,ODD,5,32,Y,NA,-123.115398,49.260517,50-60
45467,1326,W 10TH AV,ACER,RUBRUM,BOWHALL,BOWHALL RED MAPLE,N,N,3,1300,W 10TH AV,FAIRVIEW,EVEN,1,3,Y,2008-11-25,-123.134349,49.262522,10-20
54106,1352,W 10TH AV,ACER,RUBRUM,BOWHALL,BOWHALL RED MAPLE,N,N,3,1300,W 10TH AV,FAIRVIEW,EVEN,1,3,Y,2008-11-25,-123.134901,49.262531,10-20
54123,1396,W 10TH AV,ACER,RUBRUM,BOWHALL,BOWHALL RED MAPLE,N,N,3,1300,W 10TH AV,FAIRVIEW,EVEN,1,3,Y,2008-11-25,-123.135789,49.262544,10-20
54132,1357,W 10TH AV,ACER,RUBRUM,BOWHALL,BOWHALL RED MAPLE,N,N,3,1300,W 10TH AV,FAIRVIEW,ODD,1,3,Y,2008-11-24,-123.135086,49.262619,10-20
54136,1315,W 10TH AV,ACER,RUBRUM,BOWHALL,BOWHALL RED MAPLE,N,N,3,1300,W 10TH AV,FAIRVIEW,ODD,1,3,Y,2008-11-25,-123.134151,49.2626,10-20
54138,1315,W 10TH AV,ACER,RUBRUM,BOWHALL,BOWHALL RED MAPLE,N,N,3,1300,W 10TH AV,FAIRVIEW,ODD,1,3,Y,2008-11-24,-123.134011,49.2626,10-20
57279,2508,ASH ST,ULMUS,AMERICANA,NA,AMERICAN ELM,N,N,7,2500,ASH ST,FAIRVIEW,EVEN,6,28,Y,NA,-123.117433,49.2631,60-70
57284,575,W 10TH AV,ULMUS,AMERICANA,NA,AMERICAN ELM,N,N,7,2500,ASH ST,FAIRVIEW,EVEN,5,16.5,Y,NA,-123.117452,49.262592,50-60
57285,575,W 10TH AV,ULMUS,AMERICANA,NA,AMERICAN ELM,N,N,7,2500,ASH ST,FAIRVIEW,EVEN,6,28.5,Y,NA,-123.117459,49.262508,60-70
57291,2669,ASH ST,QUERCUS,RUBRA,NA,RED OAK,Y,N,7,2600,ASH ST,FAIRVIEW,ODD,4,24,Y,NA,-123.117639,49.261581,40-50
57295,2668,ASH ST,QUERCUS,RUBRA,NA,RED OAK,N,N,7,2600,ASH ST,FAIRVIEW,EVEN,6,23,Y,NA,-123.117492,49.261544,60-70
57299,2785,ASH ST,QUERCUS,RUBRA,NA,RED OAK,N,N,7,2700,ASH ST,FAIRVIEW,ODD,4,28,Y,NA,-123.117668,49.260956,40-50
57302,2785,ASH ST,QUERCUS,RUBRA,NA,RED OAK,N,N,7,2700,ASH ST,FAIRVIEW,ODD,4,23.5,Y,NA,-123.117651,49.261233,40-50
57304,2786,ASH ST,QUERCUS,RUBRA,NA,RED OAK,Y,N,7,2700,ASH ST,FAIRVIEW,EVEN,6,24.5,Y,NA,-123.117507,49.261206,60-70
131073,2786,ASH ST,QUERCUS,RUBRA,NA,RED OAK,Y,N,7,2700,ASH ST,FAIRVIEW,EVEN,6,19.5,Y,NA,-123.117529,49.260583,60-70
113638,1633,W 10TH AV,ACER,RUBRUM,BOWHALL,BOWHALL RED MAPLE,N,Y,3,1600,W 10TH AV,FAIRVIEW,ODD,1,3.5,Y,2008-02-19,-123.141494,49.262722,10-20
122641,550,W 12TH AV,ACER,RUBRUM,RED SUNSET,RED SUNSET RED MAPLE,N,N,G,500,W 12TH AV,FAIRVIEW,EVEN,4,14,Y,NA,-123.116063,49.260322,40-50
122647,2829,ASH ST,FAGUS,SYLVATICA,NA,EUROPEAN BEECH,N,N,G,600,W 12TH AV,FAIRVIEW,EVEN,2,6,Y,1990-01-16,NA,NA,20-30
122662,655,W 12TH AV,FAGUS,SYLVATICA,NA,EUROPEAN BEECH,N,N,C,600,W 12TH AV,FAIRVIEW,ODD,5,13,Y,NA,-123.118678,49.260533,50-60
122664,655,W 12TH AV,FAGUS,SYLVATICA,NA,EUROPEAN BEECH,N,N,B,600,W 12TH AV,FAIRVIEW,ODD,5,14,Y,NA,-123.118426,49.260561,50-60
122665,655,W 12TH AV,FAGUS,SYLVATICA,NA,EUROPEAN BEECH,N,N,C,600,W 12TH AV,FAIRVIEW,ODD,5,13,Y,NA,-123.118419,49.260531,50-60
122667,655,W 12TH AV,FAGUS,SYLVATICA,NA,EUROPEAN BEECH,N,N,C,600,W 12TH AV,FAIRVIEW,ODD,5,14,Y,NA,-123.118247,49.260525,50-60
122672,655,W 12TH AV,FAGUS,SYLVATICA,NA,EUROPEAN BEECH,N,N,C,600,W 12TH AV,FAIRVIEW,ODD,5,13,Y,NA,-123.117943,49.260525,50-60
122673,655,W 12TH AV,FAGUS,SYLVATICA,NA,EUROPEAN BEECH,N,N,B,600,W 12TH AV,FAIRVIEW,ODD,4,9,Y,NA,-123.117832,49.26055,40-50
122674,655,W 12TH AV,FAGUS,SYLVATICA,NA,EUROPEAN BEECH,N,N,C,600,W 12TH AV,FAIRVIEW,ODD,5,14,Y,NA,-123.117807,49.260519,50-60
123242,1633,W 10TH AV,ACER,FREEMANI   X,MORGAN,MORGAN RED MAPLE,N,N,4,1600,W 10TH AV,FAIRVIEW,ODD,4,17,Y,NA,-123.141364,49.262719,40-50
115041,2833,OAK ST,ACER,RUBRUM,BOWHALL,BOWHALL RED MAPLE,N,Y,4,2800,OAK ST,FAIRVIEW,ODD,1,3,Y,2008-02-20,-123.126841,49.259917,10-20
115816,1006,W 12TH AV,NYSSA,SYLVATICA,NA,TUPELO,N,N,4,2800,OAK ST,FAIRVIEW,ODD,1,3,Y,NA,NA,NA,10-20
124983,2315,ASH ST,FRAXINUS,SPECIES,NA,ASH SPECIES,N,N,3,2300,ASH ST,FAIRVIEW,ODD,2,8.5,Y,NA,-123.117536,49.264847,20-30
229640,3089,OAK ST,ACER,TRUNCATUM,PACIFIC SUNSET,PACIFIC SUNSET MAPLE,N,N,9,3000,OAK ST,FAIRVIEW,ODD,1,5.5,Y,2010-11-17,-123.126984,49.258142,10-20
230035,1155,W 10TH AV,PICEA,ABIES,NA,NORWAY SPRUCE,N,N,B,1100,W 10TH AV,FAIRVIEW,ODD,4,10.5,Y,NA,-123.130221,49.262558,40-50
231005,555,W 12TH AV,ACER,RUBRUM,NA,RED MAPLE,N,N,4,500,W 12TH AV,FAIRVIEW,ODD,3,8,Y,NA,-123.117117,49.260508,30-40
231014,555,W 12TH AV,ACER,RUBRUM,NA,RED MAPLE,N,N,4,500,W 12TH AV,FAIRVIEW,ODD,4,9,Y,NA,-123.117055,49.260506,40-50
231022,555,W 12TH AV,ACER,RUBRUM,NA,RED MAPLE,N,N,4,500,W 12TH AV,FAIRVIEW,ODD,4,9,Y,NA,-123.116995,49.260506,40-50
231937,820,W 12TH AV,QUERCUS,SPECIES,NA,OAK SPECIES,N,N,3,800,W 12TH AV,FAIRVIEW,EVEN,1,7,Y,NA,-123.122246,49.260444,10-20
232352,1340,W 12TH AV,ACER,PLATANOIDES,PRINCETON GOLD,PRINCETON GOLD MAPLE,N,N,B,1300,W 12TH AV,FAIRVIEW,EVEN,1,3,Y,2012-02-27,-123.134721,49.260622,10-20
220868,3087,OAK ST,ACER,RUBRUM,NA,RED MAPLE,N,N,14,3000,OAK ST,FAIRVIEW,ODD,2,3,Y,2006-11-23,-123.126946,49.258547,20-30
220869,3087,OAK ST,ACER,RUBRUM,NA,RED MAPLE,N,N,15,3000,OAK ST,FAIRVIEW,ODD,2,3,Y,2006-11-23,-123.126946,49.258608,20-30
220886,2233,ASH ST,SYRINGA,RETICULATA,IVORY SILK,TREE LILAC,N,N,3,2200,ASH ST,FAIRVIEW,ODD,1,4,Y,2006-11-23,-123.117508,49.265547,10-20
233535,688,W 12TH AV,FAGUS,SYLVATICA,DAWYCKII GOLD,GOLDEN DAWYCK BEECH,N,N,G,600,W 12TH AV,FAIRVIEW,EVEN,4,19,Y,2013-03-26,-123.11913,49.260381,40-50
233865,628,W 12TH AV,FAGUS,SYLVATICA,NA,EUROPEAN BEECH,N,N,G,600,W 12TH AV,FAIRVIEW,EVEN,2,14,Y,2013-02-28,-123.118252,49.260364,20-30
244022,1535,W 12TH AV,ACER,RUBRUM,BOWHALL,BOWHALL RED MAPLE,N,N,3,1500,W 12TH AV,FAIRVIEW,ODD,1,3,Y,2013-03-07,-123.139486,49.260869,10-20
84937,1400,W 10TH AV,ACER,FREEMANI   X,AUTUMN BLAZE,AUTUMN BLAZE RED MAPLE,N,N,7,1400,W 10TH AV,FAIRVIEW,EVEN,2,3,Y,2006-11-22,NA,NA,20-30
200887,1646,W 10TH AV,ACER,RUBRUM,BOWHALL,BOWHALL RED MAPLE,N,N,B,1600,W 10TH AV,FAIRVIEW,EVEN,2,8,Y,2004-03-16,-123.142074,49.262625,20-30
205386,1150,W 12TH AV,ACER,FREEMANI   X,AUTUMN BLAZE,AUTUMN BLAZE RED MAPLE,N,Y,4,1100,W 12TH AV,FAIRVIEW,EVEN,4,6,Y,2004-11-10,-123.129954,49.260572,40-50
205388,1156,W 12TH AV,ACER,FREEMANI   X,AUTUMN BLAZE,AUTUMN BLAZE RED MAPLE,N,Y,4,1100,W 12TH AV,FAIRVIEW,EVEN,4,7,Y,2004-11-10,-123.130377,49.260578,40-50
205393,1190,W 12TH AV,ACER,FREEMANI   X,AUTUMN BLAZE,AUTUMN BLAZE RED MAPLE,N,Y,4,1100,W 12TH AV,FAIRVIEW,EVEN,3,5,Y,2004-11-10,-123.131215,49.260592,30-40
206856,2829,ASH ST,FRAXINUS,AMERICANA,AUTUMN APPLAUSE,AUTUMN APPLAUSE ASH,N,N,4,2800,ASH ST,FAIRVIEW,ODD,4,10,Y,NA,-123.117689,49.260122,40-50
207224,675,W 10TH AV,ULMUS,AMERICANA,NA,AMERICAN ELM,N,N,5,600,W 10TH AV,FAIRVIEW,ODD,1,3,Y,2005-04-05,NA,NA,10-20
92486,1065,W 12TH AV,PYRUS,CALLERYANA,CHANTICLEER,CHANTICLEER PEAR,N,N,3,1000,W 12TH AV,FAIRVIEW,MED,1,3,Y,2005-03-30,-123.128211,49.260603,10-20
220870,3087,OAK ST,ACER,RUBRUM,NA,RED MAPLE,N,N,15,3000,OAK ST,FAIRVIEW,ODD,2,3,Y,2006-11-23,-123.126947,49.258431,20-30
220871,3087,OAK ST,ACER,RUBRUM,NA,RED MAPLE,N,N,16,3000,OAK ST,FAIRVIEW,ODD,2,3,Y,2006-11-23,-123.126948,49.258392,20-30
220884,2207,ASH ST,SYRINGA,RETICULATA,IVORY SILK,TREE LILAC,N,N,3,2200,ASH ST,FAIRVIEW,ODD,1,4,Y,2006-11-23,-123.117506,49.265669,10-20
192498,2425,OAK ST,CARPINUS,BETULUS,FASTIGIATA,PYRAMIDAL EUROPEAN HORNBEAM,N,N,8,2400,OAK ST,FAIRVIEW,ODD,1,3,Y,2002-04-10,NA,NA,10-20
82674,675,W 10TH AV,PRUNUS,SERRULATA,KWANZAN,KWANZAN FLOWERING CHERRY,N,N,G,2500,HEATHER ST,FAIRVIEW,EVEN,2,11.5,Y,NA,-123.119828,49.262453,20-30
234077,3089,OAK ST,ACER,TRUNCATUM,PACIFIC SUNSET,PACIFIC SUNSET MAPLE,N,N,12,3000,OAK ST,FAIRVIEW,ODD,1,3,Y,2013-04-02,-123.127074,49.257992,10-20
199859,1225,W 12TH AV,ACER,RUBRUM,NORTHWOOD,NORTHWOOD RED MAPLE,N,N,4,1200,W 12TH AV,FAIRVIEW,ODD,3,7,Y,2002-11-01,-123.132416,49.260731,30-40
199861,1225,W 12TH AV,ACER,RUBRUM,NORTHWOOD,NORTHWOOD RED MAPLE,N,N,4,1200,W 12TH AV,FAIRVIEW,ODD,3,6,Y,2002-11-01,-123.132101,49.260725,30-40
199868,1305,W 12TH AV,ACER,RUBRUM,NORTHWOOD,NORTHWOOD RED MAPLE,N,N,4,1300,W 12TH AV,FAIRVIEW,ODD,2,5,Y,2002-11-04,-123.134711,49.260769,20-30
199869,1305,W 12TH AV,ACER,RUBRUM,NORTHWOOD,NORTHWOOD RED MAPLE,N,N,4,1300,W 12TH AV,FAIRVIEW,ODD,2,4,Y,2002-11-04,-123.134556,49.260767,20-30
199870,1305,W 12TH AV,ACER,RUBRUM,NORTHWOOD,NORTHWOOD RED MAPLE,N,N,4,1300,W 12TH AV,FAIRVIEW,ODD,3,7,Y,2002-11-04,-123.134083,49.260761,30-40
199872,1720,W 12TH AV,ACER,PLATANOIDES,DRUMMONDI,SILVER VARIEGATED NORWAY MAPLE,N,N,8,1700,W 12TH AV,FAIRVIEW,EVEN,2,4,Y,2003-02-24,-123.143723,49.260786,20-30
199873,1720,W 12TH AV,ACER,PLATANOIDES,DRUMMONDI,SILVER VARIEGATED NORWAY MAPLE,N,N,8,1700,W 12TH AV,FAIRVIEW,EVEN,2,4,Y,2003-02-24,-123.144639,49.260803,20-30
199874,1725,W 12TH AV,ACER,PLATANOIDES,DRUMMONDI,SILVER VARIEGATED NORWAY MAPLE,N,N,8,1700,W 12TH AV,FAIRVIEW,ODD,2,6,Y,2003-02-24,-123.144229,49.260928,20-30
199875,1745,W 12TH AV,ACER,PLATANOIDES,DRUMMONDI,SILVER VARIEGATED NORWAY MAPLE,N,N,8,1700,W 12TH AV,FAIRVIEW,ODD,2,6,Y,2003-02-24,-123.144697,49.260933,20-30
200814,1770,W 12TH AV,ACER,RUBRUM,NORTHWOOD,NORTHWOOD RED MAPLE,N,N,8,1700,W 12TH AV,FAIRVIEW,EVEN,2,11.5,Y,2004-03-16,-123.145588,49.260817,20-30
200885,1636,W 10TH AV,ACER,RUBRUM,BOWHALL,BOWHALL RED MAPLE,N,N,B,1600,W 10TH AV,FAIRVIEW,EVEN,2,8,Y,2004-03-16,-123.14184,49.262619,20-30
100709,2200,OAK ST,MALUS,ZUMI,CALOCARPA,REDBUD CRABAPPLE,N,N,10,2200,OAK ST,FAIRVIEW,EVEN,2,5,Y,1998-11-20,NA,NA,20-30
100763,2400,OAK ST,ACER,RUBRUM,NA,RED MAPLE,Y,N,B,2400,OAK ST,FAIRVIEW,EVEN,2,9,Y,NA,-123.126411,49.264097,20-30
100770,2400,OAK ST,ACER,RUBRUM,RED SUNSET,RED SUNSET RED MAPLE,Y,N,B,2400,OAK ST,FAIRVIEW,EVEN,2,13,Y,NA,-123.126414,49.264031,20-30
249558,3089,OAK ST,ACER,RUBRUM,BRANDYWINE,BRANDYWINE RED MAPLE,N,N,12,3000,OAK ST,FAIRVIEW,ODD,1,3,Y,2014-04-28,-123.127029,49.258067,10-20
105036,2310,ASH ST,FRAXINUS,OXYCARPA,RAYWOOD,RAYWOOD ASH,N,N,4,2300,ASH ST,FAIRVIEW,EVEN,3,10,Y,2006-11-23,-123.117359,49.264742,30-40
137463,1485,W 12TH AV,ACER,RUBRUM,NA,RED MAPLE,N,N,C,1400,W 12TH AV,FAIRVIEW,ODD,3,6,Y,NA,-123.138118,49.260847,30-40
138360,2425,OAK ST,CARPINUS,BETULUS,NA,EUROPEAN HORNBEAM,N,N,8,2400,OAK ST,FAIRVIEW,ODD,2,7,Y,NA,-123.126667,49.263978,20-30
138381,2425,OAK ST,CARPINUS,BETULUS,NA,EUROPEAN HORNBEAM,N,N,6,2400,OAK ST,FAIRVIEW,ODD,2,6,Y,NA,-123.126658,49.264167,20-30
80404,1493,W 12TH AV,ACER,RUBRUM,NA,RED MAPLE,N,N,C,1400,W 12TH AV,FAIRVIEW,ODD,3,7.75,Y,NA,-123.138264,49.26085,30-40
111380,1550,W 10TH AV,ACER,RUBRUM,BOWHALL,BOWHALL RED MAPLE,N,Y,4,1500,W 10TH AV,FAIRVIEW,EVEN,1,3,Y,2008-02-13,NA,NA,10-20
111387,1575,W 10TH AV,ACER,RUBRUM,BOWHALL,BOWHALL RED MAPLE,N,Y,6,1500,W 10TH AV,FAIRVIEW,ODD,3,6,Y,2008-02-13,-123.139857,49.262717,30-40
113595,1633,W 10TH AV,ACER,RUBRUM,BOWHALL,BOWHALL RED MAPLE,N,Y,4,1600,W 10TH AV,FAIRVIEW,ODD,4,17,Y,2008-02-19,-123.14182,49.262728,40-50
54121,1374,W 10TH AV,ACER,RUBRUM,BOWHALL,BOWHALL RED MAPLE,N,N,3,1300,W 10TH AV,FAIRVIEW,EVEN,1,3,Y,2008-11-25,-123.135443,49.262542,10-20
54127,1375,W 10TH AV,ACER,RUBRUM,BOWHALL,BOWHALL RED MAPLE,Y,N,3,1300,W 10TH AV,FAIRVIEW,ODD,1,3,Y,2008-11-24,-123.135431,49.262622,10-20
54131,1357,W 10TH AV,ACER,RUBRUM,BOWHALL,BOWHALL RED MAPLE,N,N,3,1300,W 10TH AV,FAIRVIEW,ODD,1,3,Y,2008-11-24,-123.135262,49.262619,10-20
54133,1351,W 10TH AV,ACER,RUBRUM,BOWHALL,BOWHALL RED MAPLE,N,N,3,1300,W 10TH AV,FAIRVIEW,ODD,1,3,Y,2008-11-24,-123.134931,49.262614,10-20
54135,1325,W 10TH AV,ACER,RUBRUM,BOWHALL,BOWHALL RED MAPLE,N,N,3,1300,W 10TH AV,FAIRVIEW,ODD,1,3,Y,2008-11-24,-123.134464,49.262608,10-20
57282,2542,ASH ST,ULMUS,AMERICANA,NA,AMERICAN ELM,N,N,7,2500,ASH ST,FAIRVIEW,EVEN,6,37,Y,NA,-123.117443,49.262831,60-70
57286,575,W 10TH AV,ULMUS,AMERICANA,NA,AMERICAN ELM,N,N,7,2500,ASH ST,FAIRVIEW,EVEN,6,22,Y,NA,-123.117463,49.262411,60-70
57287,2629,ASH ST,QUERCUS,RUBRA,NA,RED OAK,Y,N,7,2600,ASH ST,FAIRVIEW,ODD,4,22,Y,NA,-123.117616,49.262167,40-50
57289,2639,ASH ST,QUERCUS,RUBRA,NA,RED OAK,Y,N,7,2600,ASH ST,FAIRVIEW,ODD,5,23,Y,NA,-123.11763,49.261764,50-60
57290,2669,ASH ST,QUERCUS,RUBRA,NA,RED OAK,Y,N,7,2600,ASH ST,FAIRVIEW,ODD,5,23,Y,NA,-123.117635,49.261669,50-60
57294,2668,ASH ST,QUERCUS,RUBRA,NA,RED OAK,N,N,7,2600,ASH ST,FAIRVIEW,EVEN,5,14,Y,NA,-123.117485,49.261761,50-60
57300,2785,ASH ST,QUERCUS,RUBRA,NA,RED OAK,N,N,7,2700,ASH ST,FAIRVIEW,ODD,4,21,Y,NA,-123.117658,49.26105,40-50
57301,2785,ASH ST,QUERCUS,RUBRA,NA,RED OAK,N,N,7,2700,ASH ST,FAIRVIEW,ODD,4,24.5,Y,NA,-123.117657,49.261147,40-50
57314,2920,ASH ST,CATALPA,HYBRIDA X,NA,HYBRID CATALPA,N,N,7,2900,ASH ST,FAIRVIEW,EVEN,3,12,Y,NA,-123.117574,49.259322,30-40
57315,2920,ASH ST,CATALPA,HYBRIDA X,NA,HYBRID CATALPA,N,N,7,2900,ASH ST,FAIRVIEW,EVEN,3,14.25,Y,NA,-123.117576,49.25925,30-40
122637,590,W 12TH AV,ACER,RUBRUM,RED SUNSET,RED SUNSET RED MAPLE,N,N,G,500,W 12TH AV,FAIRVIEW,EVEN,4,14,Y,NA,NA,NA,40-50
122642,550,W 12TH AV,ACER,RUBRUM,RED SUNSET,RED SUNSET RED MAPLE,N,N,G,500,W 12TH AV,FAIRVIEW,EVEN,4,10,Y,NA,-123.116189,49.260325,40-50
122653,628,W 12TH AV,FAGUS,SYLVATICA,NA,EUROPEAN BEECH,N,N,G,600,W 12TH AV,FAIRVIEW,EVEN,4,15,Y,NA,-123.118656,49.260372,40-50
122663,655,W 12TH AV,FAGUS,SYLVATICA,NA,EUROPEAN BEECH,Y,N,C,600,W 12TH AV,FAIRVIEW,ODD,5,13,Y,NA,-123.118558,49.260533,50-60
122668,655,W 12TH AV,FAGUS,SYLVATICA,NA,EUROPEAN BEECH,N,N,B,600,W 12TH AV,FAIRVIEW,ODD,5,15,Y,NA,-123.118094,49.260553,50-60
122669,655,W 12TH AV,FAGUS,SYLVATICA,NA,EUROPEAN BEECH,N,N,C,600,W 12TH AV,FAIRVIEW,ODD,5,14,Y,NA,-123.118097,49.260522,50-60
122670,655,W 12TH AV,FAGUS,SYLVATICA,NA,EUROPEAN BEECH,N,N,B,600,W 12TH AV,FAIRVIEW,ODD,5,14,Y,NA,-123.117954,49.260553,50-60
123238,1633,W 10TH AV,ACER,FREEMANI   X,MORGAN,MORGAN RED MAPLE,N,N,4,1600,W 10TH AV,FAIRVIEW,ODD,4,15,Y,NA,-123.141945,49.262731,40-50
123240,1633,W 10TH AV,ACER,FREEMANI   X,MORGAN,MORGAN RED MAPLE,N,N,4,1600,W 10TH AV,FAIRVIEW,ODD,4,15,Y,NA,-123.141696,49.262725,40-50
109598,3030,OAK ST,ACER,PLATANOIDES,NA,NORWAY MAPLE,N,N,B,3000,OAK ST,FAIRVIEW,EVEN,4,29,Y,NA,-123.12662,49.258517,40-50
109635,3030,OAK ST,PRUNUS,CERASIFERA,ATROPURPUREUM,PISSARD PLUM,N,N,B,3000,OAK ST,FAIRVIEW,EVEN,2,11,Y,NA,-123.126625,49.258353,20-30
169006,700,W 10TH AV,ULMUS,AMERICANA,BRANDON,BRANDON ELM,N,N,6,700,W 10TH AV,FAIRVIEW,EVEN,3,16,Y,1999-02-08,-123.120342,49.262292,30-40
173836,1675,W 10TH AV,ACER,RUBRUM,NA,RED MAPLE,N,N,4,1600,W 10TH AV,FAIRVIEW,ODD,4,13,Y,1997-06-09,-123.142634,49.262742,40-50
179136,700,W 10TH AV,ULMUS,AMERICANA,BRANDON,BRANDON ELM,N,N,7,700,W 10TH AV,FAIRVIEW,EVEN,2,3,Y,1999-02-08,-123.120202,49.262289,20-30
180082,1575,W 10TH AV,ACER,FREEMANI   X,ARMSTRONG,ARMSTRONG RED MAPLE,N,N,6,1500,W 10TH AV,FAIRVIEW,ODD,3,10,Y,1998-11-10,-123.139766,49.262714,30-40
180085,1581,W 10TH AV,ACER,FREEMANI   X,ARMSTRONG,ARMSTRONG RED MAPLE,Y,N,6,1500,W 10TH AV,FAIRVIEW,ODD,2,6,Y,1998-11-10,-123.140711,49.262731,20-30
180086,1581,W 10TH AV,ACER,FREEMANI   X,ARMSTRONG,ARMSTRONG RED MAPLE,Y,N,6,1500,W 10TH AV,FAIRVIEW,ODD,2,7.5,Y,1998-11-10,-123.140606,49.262731,20-30
115294,2833,OAK ST,ACER,RUBRUM,BOWHALL,BOWHALL RED MAPLE,N,Y,4,2800,OAK ST,FAIRVIEW,ODD,1,3,Y,2008-02-20,-123.126836,49.260025,10-20
100735,2317,OAK ST,ACER,RUBRUM,RED SUNSET,RED SUNSET RED MAPLE,N,N,8,2300,OAK ST,FAIRVIEW,ODD,5,11,Y,NA,-123.126641,49.264831,50-60
16494,555,W 12TH AV,ACER,RUBRUM,NA,RED MAPLE,N,N,4,500,W 12TH AV,FAIRVIEW,ODD,4,10,Y,NA,-123.115962,49.260492,40-50
16628,555,W 12TH AV,ACER,RUBRUM,NA,RED MAPLE,N,N,4,500,W 12TH AV,FAIRVIEW,ODD,4,9,Y,NA,-123.116087,49.260492,40-50
141181,1745,W 12TH AV,ACER,RUBRUM,NA,RED MAPLE,N,N,10,1700,W 12TH AV,FAIRVIEW,ODD,4,16,Y,NA,-123.144463,49.260933,40-50
141194,1745,W 12TH AV,ACER,PLATANOIDES,DRUMMONDI,SILVER VARIEGATED NORWAY MAPLE,N,N,10,1700,W 12TH AV,FAIRVIEW,ODD,6,4,Y,NA,NA,NA,60-70
138371,2425,OAK ST,CARPINUS,BETULUS,NA,EUROPEAN HORNBEAM,N,N,6,2400,OAK ST,FAIRVIEW,ODD,2,7,Y,NA,-123.126662,49.264069,20-30
14486,555,W 12TH AV,ACER,RUBRUM,NA,RED MAPLE,N,N,4,500,W 12TH AV,FAIRVIEW,ODD,4,10,Y,NA,-123.115775,49.260489,40-50
16479,555,W 12TH AV,ACER,RUBRUM,NA,RED MAPLE,N,N,4,500,W 12TH AV,FAIRVIEW,ODD,4,8,Y,NA,-123.116676,49.2605,40-50
16930,555,W 12TH AV,ACER,RUBRUM,NA,RED MAPLE,N,N,4,500,W 12TH AV,FAIRVIEW,ODD,4,10,Y,NA,-123.116026,49.260492,40-50
17546,555,W 12TH AV,ACER,RUBRUM,NA,RED MAPLE,N,N,4,500,W 12TH AV,FAIRVIEW,ODD,4,9,Y,NA,-123.115904,49.260489,40-50
17665,555,W 12TH AV,ACER,RUBRUM,NA,RED MAPLE,N,N,4,500,W 12TH AV,FAIRVIEW,ODD,4,10,Y,NA,-123.11584,49.260489,40-50
7618,1310,W 10TH AV,ACER,RUBRUM,BOWHALL,BOWHALL RED MAPLE,N,Y,6,1300,W 10TH AV,FAIRVIEW,EVEN,1,3,Y,2008-11-25,-123.134201,49.262522,10-20
9469,515,W 10TH AV,ULMUS,AMERICANA,NA,AMERICAN ELM,N,N,5,500,W 10TH AV,FAIRVIEW,ODD,7,20.5,N,NA,-123.115771,49.262311,70-80
9471,515,W 10TH AV,ULMUS,GLABRA,NA,SCOTS ELM,N,N,5,500,W 10TH AV,FAIRVIEW,ODD,4,10,N,NA,NA,NA,40-50
9472,501,W 10TH AV,ULMUS,GLABRA,NA,SCOTS ELM,N,N,5,500,W 10TH AV,FAIRVIEW,ODD,4,12,N,NA,NA,NA,40-50
9487,535,W 10TH AV,ULMUS,AMERICANA,NA,AMERICAN ELM,N,N,7,500,W 10TH AV,FAIRVIEW,ODD,6,23,N,NA,-123.116171,49.262319,60-70
9489,545,W 10TH AV,ULMUS,AMERICANA,NA,AMERICAN ELM,N,N,5,500,W 10TH AV,FAIRVIEW,ODD,5,23,N,NA,-123.116557,49.262325,50-60
9491,565,W 10TH AV,ULMUS,GLABRA,NA,SCOTS ELM,N,N,6,500,W 10TH AV,FAIRVIEW,ODD,5,21,N,NA,-123.116821,49.262328,50-60
9494,575,W 10TH AV,ULMUS,GLABRA,NA,SCOTS ELM,N,N,4,500,W 10TH AV,FAIRVIEW,ODD,4,18,Y,NA,-123.117207,49.262336,40-50
9498,600,W 10TH AV,ULMUS,AMERICANA,NA,AMERICAN ELM,N,N,6,600,W 10TH AV,FAIRVIEW,EVEN,5,21,Y,NA,-123.118242,49.262258,50-60
9501,600,W 10TH AV,ULMUS,AMERICANA,NA,AMERICAN ELM,N,N,6,600,W 10TH AV,FAIRVIEW,EVEN,5,18,Y,NA,-123.118727,49.262264,50-60
9502,600,W 10TH AV,ULMUS,AMERICANA,NA,AMERICAN ELM,N,N,6,600,W 10TH AV,FAIRVIEW,EVEN,5,18,Y,NA,-123.118834,49.262264,50-60
9504,600,W 10TH AV,ULMUS,AMERICANA,NA,AMERICAN ELM,N,N,4,600,W 10TH AV,FAIRVIEW,EVEN,4,17,Y,NA,-123.119724,49.262278,40-50
9506,600,W 10TH AV,ACER,PSEUDOPLATANUS,NA,SYCAMORE MAPLE,N,N,4,2600,HEATHER ST,FAIRVIEW,EVEN,3,13,Y,NA,-123.119836,49.262092,30-40
9508,600,W 10TH AV,ACER,PSEUDOPLATANUS,NA,SYCAMORE MAPLE,N,N,4,2600,HEATHER ST,FAIRVIEW,EVEN,3,10,Y,NA,-123.119843,49.261928,30-40
9522,675,W 10TH AV,ULMUS,AMERICANA,NA,AMERICAN ELM,N,N,6,600,W 10TH AV,FAIRVIEW,ODD,5,23.5,Y,NA,-123.119245,49.262367,50-60
9527,700,W 10TH AV,CARPINUS,BETULUS,NA,EUROPEAN HORNBEAM,N,N,7,700,W 10TH AV,FAIRVIEW,EVEN,4,15,Y,NA,NA,NA,40-50
9528,700,W 10TH AV,CARPINUS,BETULUS,NA,EUROPEAN HORNBEAM,N,N,7,700,W 10TH AV,FAIRVIEW,EVEN,4,16,Y,NA,-123.120805,49.262303,40-50
9530,700,W 10TH AV,CARPINUS,BETULUS,NA,EUROPEAN HORNBEAM,N,N,7,700,W 10TH AV,FAIRVIEW,EVEN,4,9,Y,NA,-123.121013,49.262303,40-50
9532,700,W 10TH AV,CARPINUS,BETULUS,NA,EUROPEAN HORNBEAM,N,N,7,700,W 10TH AV,FAIRVIEW,EVEN,5,13,Y,NA,-123.121404,49.262306,50-60
9543,895,W 10TH AV,ULMUS,AMERICANA,NA,AMERICAN ELM,N,N,7,800,W 10TH AV,FAIRVIEW,ODD,7,42,Y,NA,-123.123979,49.262447,70-80
9545,895,W 10TH AV,ULMUS,AMERICANA,NA,AMERICAN ELM,N,N,7,800,W 10TH AV,FAIRVIEW,ODD,8,31.5,Y,NA,-123.123662,49.262436,80-90
9560,985,W 10TH AV,PRUNUS,SERRULATA,UKON,UKON JAPANESE CHERRY,N,N,B,900,W 10TH AV,FAIRVIEW,ODD,2,18,Y,NA,-123.126087,49.262503,20-30
9593,1285,W 10TH AV,TSUGA,HETEROPHYLLA,NA,WESTERN HEMLOCK,N,N,B,1200,W 10TH AV,FAIRVIEW,ODD,5,21,Y,NA,-123.133363,49.262631,50-60
9602,1501,W 10TH AV,ACER,FREEMANI   X,ARMSTRONG,ARMSTRONG RED MAPLE,Y,N,C,1500,W 10TH AV,FAIRVIEW,ODD,3,5.5,Y,1998-11-10,-123.139086,49.262706,30-40
9604,1575,W 10TH AV,ACER,FREEMANI   X,ARMSTRONG,ARMSTRONG RED MAPLE,N,N,6,1500,W 10TH AV,FAIRVIEW,ODD,3,10.5,Y,1998-11-10,-123.13996,49.262714,30-40
11650,590,W 12TH AV,FRAXINUS,AMERICANA,AUTUMN APPLAUSE,AUTUMN APPLAUSE ASH,N,N,8,2800,ASH ST,FAIRVIEW,EVEN,2,8,Y,1999-12-03,-123.117543,49.260169,20-30
11670,1686,W 12TH AV,ACER,FREEMANI   X,AUTUMN BLAZE,AUTUMN BLAZE RED MAPLE,Y,Y,7,1600,W 12TH AV,FAIRVIEW,EVEN,1,7,Y,2005-03-29,-123.142927,49.260775,10-20
11695,1385,W 12TH AV,ACER,RUBRUM,NA,RED MAPLE,N,N,C,1300,W 12TH AV,FAIRVIEW,ODD,3,16.6,Y,NA,-123.135841,49.260806,30-40
11699,1420,W 12TH AV,ACER,RUBRUM,NA,RED MAPLE,N,N,C,1400,W 12TH AV,FAIRVIEW,EVEN,4,12,Y,NA,-123.136468,49.260653,40-50
11705,1450,W 12TH AV,ACER,RUBRUM,NA,RED MAPLE,N,N,C,1400,W 12TH AV,FAIRVIEW,EVEN,4,7.7,Y,NA,-123.137074,49.260661,40-50
11706,1450,W 12TH AV,ACER,RUBRUM,NA,RED MAPLE,N,N,C,1400,W 12TH AV,FAIRVIEW,EVEN,3,13,Y,NA,-123.137242,49.260664,30-40
11711,1465,W 12TH AV,ACER,RUBRUM,NA,RED MAPLE,N,N,C,1400,W 12TH AV,FAIRVIEW,ODD,3,8.8,Y,NA,-123.137426,49.260839,30-40
11723,1546,W 12TH AV,ACER,RUBRUM,NA,RED MAPLE,N,N,3,1500,W 12TH AV,FAIRVIEW,EVEN,4,16.5,Y,NA,-123.139691,49.260703,40-50
11730,1568,W 12TH AV,ACER,RUBRUM,NA,RED MAPLE,N,N,3,1500,W 12TH AV,FAIRVIEW,EVEN,4,19.5,Y,NA,-123.140531,49.260717,40-50
11733,1584,W 12TH AV,ACER,RUBRUM,NA,RED MAPLE,N,N,3,1500,W 12TH AV,FAIRVIEW,EVEN,4,17.5,Y,NA,-123.140701,49.260717,40-50
11738,1610,W 12TH AV,ACER,RUBRUM,NA,RED MAPLE,N,N,3,1600,W 12TH AV,FAIRVIEW,EVEN,4,24,Y,NA,-123.141347,49.260728,40-50
11747,1638,W 12TH AV,ACER,RUBRUM,NA,RED MAPLE,N,N,3,1600,W 12TH AV,FAIRVIEW,EVEN,3,13,Y,NA,-123.142226,49.260758,30-40
11764,1745,W 12TH AV,ACER,PLATANOIDES,NA,NORWAY MAPLE,N,N,10,1700,W 12TH AV,FAIRVIEW,ODD,5,27,Y,NA,-123.145025,49.260939,50-60
11765,1745,W 12TH AV,ACER,SACCHARUM,NA,SUGAR MAPLE,N,N,10,1700,W 12TH AV,FAIRVIEW,ODD,3,9,Y,NA,-123.144834,49.260936,30-40
12345,1568,W 12TH AV,ACER,RUBRUM,BOWHALL,BOWHALL RED MAPLE,N,Y,3,1500,W 12TH AV,FAIRVIEW,EVEN,1,6,Y,2008-11-28,-123.140371,49.260711,10-20
7610,1310,W 10TH AV,ACER,RUBRUM,BOWHALL,BOWHALL RED MAPLE,N,Y,6,1300,W 10TH AV,FAIRVIEW,EVEN,2,6,Y,2008-11-25,-123.134038,49.262517,20-30
9461,500,W 10TH AV,ACER,RUBRUM,NA,RED MAPLE,N,N,10,500,W 10TH AV,FAIRVIEW,EVEN,4,12,Y,NA,-123.115251,49.262203,40-50
9470,515,W 10TH AV,ULMUS,AMERICANA,NA,AMERICAN ELM,N,N,5,500,W 10TH AV,FAIRVIEW,ODD,8,29,N,NA,NA,NA,80-90
9473,501,W 10TH AV,ACER,RUBRUM,NA,RED MAPLE,N,N,5,500,W 10TH AV,FAIRVIEW,ODD,4,8.5,N,NA,NA,NA,40-50
9475,534,W 10TH AV,ULMUS,AMERICANA,NA,AMERICAN ELM,Y,N,10,500,W 10TH AV,FAIRVIEW,EVEN,4,13.5,Y,NA,-123.116641,49.262228,40-50
9479,534,W 10TH AV,ULMUS,GLABRA,NA,SCOTS ELM,Y,N,7,500,W 10TH AV,FAIRVIEW,EVEN,5,12,N,NA,-123.117064,49.262236,50-60
9481,534,W 10TH AV,ULMUS,GLABRA,NA,SCOTS ELM,Y,N,10,500,W 10TH AV,FAIRVIEW,EVEN,4,17,Y,NA,-123.117342,49.262242,40-50
9490,545,W 10TH AV,ULMUS,GLABRA,NA,SCOTS ELM,N,N,5,500,W 10TH AV,FAIRVIEW,ODD,6,19,N,NA,-123.116427,49.262322,60-70
9495,575,W 10TH AV,ULMUS,AMERICANA,NA,AMERICAN ELM,N,N,4,500,W 10TH AV,FAIRVIEW,ODD,6,22,Y,NA,-123.11709,49.262331,60-70
9496,600,W 10TH AV,ULMUS,AMERICANA,NA,AMERICAN ELM,N,N,6,600,W 10TH AV,FAIRVIEW,EVEN,4,15,Y,NA,-123.117833,49.26225,40-50
9497,600,W 10TH AV,ULMUS,AMERICANA,NA,AMERICAN ELM,N,N,6,600,W 10TH AV,FAIRVIEW,EVEN,5,20,Y,NA,-123.117963,49.262253,50-60
9499,600,W 10TH AV,ULMUS,AMERICANA,NA,AMERICAN ELM,N,N,6,600,W 10TH AV,FAIRVIEW,EVEN,6,22,Y,NA,-123.118364,49.262258,60-70
9500,600,W 10TH AV,ULMUS,AMERICANA,NA,AMERICAN ELM,N,N,6,600,W 10TH AV,FAIRVIEW,EVEN,6,19,Y,NA,-123.118474,49.262258,60-70
9505,600,W 10TH AV,ACER,PSEUDOPLATANUS,NA,SYCAMORE MAPLE,N,N,4,2600,HEATHER ST,FAIRVIEW,EVEN,3,18,Y,NA,-123.119834,49.262161,30-40
9510,600,W 10TH AV,ACER,PSEUDOPLATANUS,NA,SYCAMORE MAPLE,N,N,4,2600,HEATHER ST,FAIRVIEW,EVEN,3,13,Y,NA,-123.119855,49.261689,30-40
9511,600,W 10TH AV,ACER,PSEUDOPLATANUS,NA,SYCAMORE MAPLE,N,N,4,2600,HEATHER ST,FAIRVIEW,EVEN,3,13,Y,NA,NA,NA,30-40
9515,601,W 10TH AV,ULMUS,AMERICANA,NA,AMERICAN ELM,N,N,6,600,W 10TH AV,FAIRVIEW,ODD,6,25,Y,NA,NA,NA,60-70
9517,601,W 10TH AV,ULMUS,AMERICANA,NA,AMERICAN ELM,N,N,6,600,W 10TH AV,FAIRVIEW,ODD,6,23,Y,NA,NA,NA,60-70
9518,601,W 10TH AV,ULMUS,AMERICANA,NA,AMERICAN ELM,N,N,6,600,W 10TH AV,FAIRVIEW,ODD,6,28,Y,NA,NA,NA,60-70
9539,821,W 10TH AV,ULMUS,AMERICANA,NA,AMERICAN ELM,N,N,7,800,W 10TH AV,FAIRVIEW,ODD,5,32,Y,NA,-123.122566,49.262417,50-60
9541,865,W 10TH AV,ULMUS,AMERICANA,NA,AMERICAN ELM,N,N,7,800,W 10TH AV,FAIRVIEW,ODD,7,36,Y,NA,-123.123314,49.262431,70-80
9559,985,W 10TH AV,PRUNUS,SERRULATA,UKON,UKON JAPANESE CHERRY,N,N,B,900,W 10TH AV,FAIRVIEW,ODD,2,15,Y,NA,-123.126148,49.2625,20-30
9576,1160,W 10TH AV,BETULA,PENDULA,DALECARLICA,WEEPING CUTLEAF BIRCH,N,N,B,1100,W 10TH AV,FAIRVIEW,EVEN,4,12,Y,NA,-123.130267,49.262431,40-50
9580,1160,W 10TH AV,BETULA,PENDULA,DALECARLICA,WEEPING CUTLEAF BIRCH,N,N,B,1100,W 10TH AV,FAIRVIEW,EVEN,5,12,Y,NA,-123.130494,49.262431,50-60
9613,1696,W 10TH AV,GLEDITSIA,TRIACANTHOS,NA,HONEYLOCUST,N,N,B,1600,W 10TH AV,FAIRVIEW,EVEN,4,19.5,Y,NA,NA,NA,40-50
11647,590,W 12TH AV,ACER,FREEMANI   X,AUTUMN BLAZE,AUTUMN BLAZE RED MAPLE,N,N,C,500,W 12TH AV,FAIRVIEW,EVEN,1,5,Y,2005-02-24,-123.117379,49.26035,10-20
11648,590,W 12TH AV,FRAXINUS,AMERICANA,AUTUMN APPLAUSE,AUTUMN APPLAUSE ASH,N,Y,4,2800,ASH ST,FAIRVIEW,EVEN,2,5,Y,2005-02-14,-123.117539,49.260272,20-30
11697,1395,W 12TH AV,ACER,RUBRUM,NA,RED MAPLE,N,N,C,1300,W 12TH AV,FAIRVIEW,ODD,4,17.3,Y,NA,-123.135985,49.260814,40-50
11701,1420,W 12TH AV,ACER,RUBRUM,NA,RED MAPLE,N,N,C,1400,W 12TH AV,FAIRVIEW,EVEN,4,12.2,Y,NA,-123.136611,49.260656,40-50
11712,1465,W 12TH AV,ACER,RUBRUM,NA,RED MAPLE,N,N,C,1400,W 12TH AV,FAIRVIEW,ODD,3,12,Y,NA,-123.137281,49.260836,30-40
11716,1485,W 12TH AV,ACER,RUBRUM,NA,RED MAPLE,N,N,C,1400,W 12TH AV,FAIRVIEW,ODD,3,5,Y,NA,-123.13783,49.260842,30-40
11721,1536,W 12TH AV,ACER,RUBRUM,NA,RED MAPLE,N,N,3,1500,W 12TH AV,FAIRVIEW,EVEN,4,18,Y,NA,-123.139496,49.2607,40-50
11724,1546,W 12TH AV,ACER,RUBRUM,NA,RED MAPLE,N,N,3,1500,W 12TH AV,FAIRVIEW,EVEN,4,17,Y,NA,-123.139854,49.260706,40-50
11727,1568,W 12TH AV,ACER,RUBRUM,NA,RED MAPLE,N,N,3,1500,W 12TH AV,FAIRVIEW,EVEN,3,18,Y,NA,-123.14003,49.260706,30-40
11736,1594,W 12TH AV,ACER,RUBRUM,NA,RED MAPLE,N,N,3,1500,W 12TH AV,FAIRVIEW,EVEN,4,11.3,Y,NA,-123.140848,49.260722,40-50
11744,1638,W 12TH AV,ACER,RUBRUM,NA,RED MAPLE,N,N,3,1600,W 12TH AV,FAIRVIEW,EVEN,4,20,Y,NA,-123.141902,49.260747,40-50
11746,1638,W 12TH AV,ACER,RUBRUM,NA,RED MAPLE,N,N,3,1600,W 12TH AV,FAIRVIEW,EVEN,4,18,Y,NA,-123.142069,49.26075,40-50
11752,1666,W 12TH AV,ACER,PLATANOIDES,NA,NORWAY MAPLE,N,N,3,1600,W 12TH AV,FAIRVIEW,EVEN,4,19,Y,NA,-123.142686,49.260769,40-50
11755,1686,W 12TH AV,ACER,PLATANOIDES,NA,NORWAY MAPLE,N,N,3,1600,W 12TH AV,FAIRVIEW,EVEN,4,14,Y,NA,-123.143085,49.260778,40-50
199860,1225,W 12TH AV,ACER,RUBRUM,NORTHWOOD,NORTHWOOD RED MAPLE,N,N,4,1200,W 12TH AV,FAIRVIEW,ODD,3,8,Y,2002-11-01,-123.13226,49.260728,30-40
199864,1255,W 12TH AV,ACER,RUBRUM,NORTHWOOD,NORTHWOOD RED MAPLE,N,N,4,1200,W 12TH AV,FAIRVIEW,ODD,3,7,Y,2002-11-01,-123.132734,49.260739,30-40
199866,1295,W 12TH AV,ACER,RUBRUM,NORTHWOOD,NORTHWOOD RED MAPLE,N,N,4,1200,W 12TH AV,FAIRVIEW,ODD,3,8,Y,2002-11-01,-123.133399,49.260747,30-40
199867,1305,W 12TH AV,ACER,RUBRUM,NORTHWOOD,NORTHWOOD RED MAPLE,N,N,4,1300,W 12TH AV,FAIRVIEW,ODD,3,5,Y,2002-11-04,-123.134864,49.260778,30-40
199871,1355,W 12TH AV,ACER,RUBRUM,NA,RED MAPLE,N,N,4,1300,W 12TH AV,FAIRVIEW,ODD,3,6,Y,2002-11-04,-123.135048,49.260786,30-40
199877,1745,W 12TH AV,ACER,PLATANOIDES,DRUMMONDI,SILVER VARIEGATED NORWAY MAPLE,N,N,8,1700,W 12TH AV,FAIRVIEW,ODD,2,5,Y,2003-02-24,-123.144341,49.260928,20-30
200828,806,W 10TH AV,FRAXINUS,ORNUS,ARIE PETERS,FLOWERING ASH,N,Y,8,800,W 10TH AV,FAIRVIEW,EVEN,2,3,Y,2004-03-09,NA,NA,20-30
200835,855,W 10TH AV,FRAXINUS,ORNUS,ARIE PETERS,FLOWERING ASH,N,Y,7,800,W 10TH AV,FAIRVIEW,ODD,2,3,Y,2004-03-10,-123.123099,49.262428,20-30
169257,2920,ASH ST,CATALPA,BIGNONIOIDES,NA,COMMON CATALPA,N,N,6,2900,ASH ST,FAIRVIEW,EVEN,2,17,Y,NA,-123.117586,49.258967,20-30
169606,1216,W 10TH AV,TSUGA,HETEROPHYLLA,NA,WESTERN HEMLOCK,N,N,B,1200,W 10TH AV,FAIRVIEW,EVEN,2,12,Y,NA,-123.131892,49.262458,20-30
169607,1216,W 10TH AV,THUJA,PLICATA,NA,WESTERN RED CEDAR,N,N,B,1200,W 10TH AV,FAIRVIEW,EVEN,2,14,Y,NA,-123.131924,49.262464,20-30
173835,1675,W 10TH AV,ACER,RUBRUM,NA,RED MAPLE,N,N,4,1600,W 10TH AV,FAIRVIEW,ODD,4,11,Y,1997-06-09,-123.142766,49.262742,40-50
173837,1675,W 10TH AV,ACER,RUBRUM,NA,RED MAPLE,N,N,4,1600,W 10TH AV,FAIRVIEW,ODD,4,11,Y,1997-06-09,-123.142504,49.262742,40-50
173838,1675,W 10TH AV,ACER,RUBRUM,NA,RED MAPLE,N,N,4,1600,W 10TH AV,FAIRVIEW,ODD,4,12,Y,1997-06-09,-123.142382,49.262736,40-50
173840,1675,W 10TH AV,ACER,RUBRUM,NA,RED MAPLE,N,N,4,1600,W 10TH AV,FAIRVIEW,ODD,4,14,Y,1997-06-09,-123.142146,49.262736,40-50
178167,2200,OAK ST,MALUS,ZUMI,CALOCARPA,REDBUD CRABAPPLE,N,N,10,2200,OAK ST,FAIRVIEW,EVEN,2,4,Y,1998-11-20,NA,NA,20-30
180069,1501,W 10TH AV,ACER,FREEMANI   X,ARMSTRONG,ARMSTRONG RED MAPLE,Y,N,C,1500,W 10TH AV,FAIRVIEW,ODD,3,5.5,Y,1998-11-10,-123.138982,49.262703,30-40
180083,1575,W 10TH AV,ACER,FREEMANI   X,ARMSTRONG,ARMSTRONG RED MAPLE,N,N,6,1500,W 10TH AV,FAIRVIEW,ODD,3,10.5,Y,1998-11-10,-123.139663,49.262711,30-40
180084,1575,W 10TH AV,ACER,FREEMANI   X,ARMSTRONG,ARMSTRONG RED MAPLE,N,N,6,1500,W 10TH AV,FAIRVIEW,ODD,3,10.5,Y,1998-11-10,-123.139526,49.262711,30-40
180241,655,W 12TH AV,ACER,RUBRUM,RED SUNSET,RED SUNSET RED MAPLE,N,N,C,2700,ASH ST,FAIRVIEW,ODD,2,13.5,Y,NA,-123.117697,49.260836,20-30
111382,1550,W 10TH AV,ACER,RUBRUM,BOWHALL,BOWHALL RED MAPLE,N,Y,4,1500,W 10TH AV,FAIRVIEW,EVEN,1,3,Y,2008-02-13,NA,NA,10-20
17905,555,W 12TH AV,ACER,RUBRUM,NA,RED MAPLE,N,N,4,500,W 12TH AV,FAIRVIEW,ODD,4,10,Y,NA,-123.115716,49.260489,40-50
131074,2668,ASH ST,QUERCUS,RUBRA,NA,RED OAK,N,N,7,2600,ASH ST,FAIRVIEW,EVEN,5,21,Y,NA,-123.117498,49.261436,50-60
134711,1545,W 12TH AV,ACER,RUBRUM,BOWHALL,BOWHALL RED MAPLE,N,N,3,1500,W 12TH AV,FAIRVIEW,ODD,1,3,Y,2008-11-27,-123.139761,49.260875,10-20
105064,2310,ASH ST,FRAXINUS,OXYCARPA,RAYWOOD,RAYWOOD ASH,N,N,4,2300,ASH ST,FAIRVIEW,EVEN,3,10,Y,2006-11-23,-123.117354,49.264825,30-40
122638,590,W 12TH AV,ACER,RUBRUM,RED SUNSET,RED SUNSET RED MAPLE,N,N,G,500,W 12TH AV,FAIRVIEW,EVEN,4,14,Y,NA,-123.116997,49.260342,40-50
122639,590,W 12TH AV,ACER,RUBRUM,RED SUNSET,RED SUNSET RED MAPLE,N,N,G,500,W 12TH AV,FAIRVIEW,EVEN,4,13,Y,NA,-123.11712,49.260344,40-50
122640,590,W 12TH AV,ACER,RUBRUM,RED SUNSET,RED SUNSET RED MAPLE,N,N,G,500,W 12TH AV,FAIRVIEW,EVEN,4,12,Y,NA,-123.117242,49.26035,40-50
122643,550,W 12TH AV,ACER,RUBRUM,RED SUNSET,RED SUNSET RED MAPLE,N,N,G,500,W 12TH AV,FAIRVIEW,EVEN,2,7,Y,NA,-123.116341,49.260331,20-30
122646,550,W 12TH AV,ACER,RUBRUM,RED SUNSET,RED SUNSET RED MAPLE,N,N,G,500,W 12TH AV,FAIRVIEW,EVEN,4,12,Y,NA,-123.116602,49.260333,40-50
122651,628,W 12TH AV,FAGUS,SYLVATICA,NA,EUROPEAN BEECH,N,N,G,600,W 12TH AV,FAIRVIEW,EVEN,2,3,Y,NA,-123.118401,49.260369,20-30
122652,628,W 12TH AV,FAGUS,SYLVATICA,NA,EUROPEAN BEECH,N,N,G,600,W 12TH AV,FAIRVIEW,EVEN,4,19,Y,NA,-123.118534,49.260372,40-50
122661,655,W 12TH AV,FAGUS,SYLVATICA,NA,EUROPEAN BEECH,N,N,G,600,W 12TH AV,FAIRVIEW,ODD,5,20,Y,NA,-123.11884,49.260533,50-60
122666,655,W 12TH AV,FAGUS,SYLVATICA,NA,EUROPEAN BEECH,N,N,B,600,W 12TH AV,FAIRVIEW,ODD,5,14,Y,NA,-123.118246,49.260556,50-60
124479,1626,W 10TH AV,CATALPA,BIGNONIOIDES,NA,COMMON CATALPA,N,N,B,1600,W 10TH AV,FAIRVIEW,EVEN,6,46,Y,NA,-123.141689,49.262617,60-70
124984,2335,ASH ST,FRAXINUS,SPECIES,NA,ASH SPECIES,N,N,3,2300,ASH ST,FAIRVIEW,ODD,4,8.5,Y,NA,-123.117539,49.264742,40-50
125061,2345,ASH ST,FRAXINUS,SPECIES,NA,ASH SPECIES,N,N,3,2300,ASH ST,FAIRVIEW,ODD,2,9,Y,NA,-123.117542,49.264664,20-30
257259,700,W 10TH AV,AMELANCHIER,GRANDIFLORA X,AUTUMN BRILLIANCE,APPLE SERVICEBERRY,N,N,7,700,W 10TH AV,FAIRVIEW,EVEN,1,3,Y,NA,-123.120532,49.262297,10-20
257280,1355,W 12TH AV,ACER,FREEMANI   X,SCARLET SENTINEL,FREEMAN'S S.S. MAPLE,N,N,C,1300,W 12TH AV,FAIRVIEW,ODD,1,3,Y,2018-03-15,-123.13519,49.260789,10-20
263311,925,W 10TH AV,FAGUS,SYLVATICA,DAWYCKII,DAWYCK'S BEECH,N,N,4,900,W 10TH AV,FAIRVIEW,ODD,2,3,Y,NA,NA,NA,20-30
263316,955,W 10TH AV,FAGUS,SYLVATICA,DAWYCKII,DAWYCK'S BEECH,N,N,4,900,W 10TH AV,FAIRVIEW,ODD,2,3,Y,NA,NA,NA,20-30
263318,820,W 10TH AV,FAGUS,SYLVATICA,DAWYCKII,DAWYCK'S BEECH,N,N,4,800,W 10TH AV,FAIRVIEW,EVEN,2,3,Y,NA,NA,NA,20-30
263320,820,W 10TH AV,FAGUS,SYLVATICA,DAWYCKII,DAWYCK'S BEECH,N,N,4,800,W 10TH AV,FAIRVIEW,EVEN,2,3,Y,NA,NA,NA,20-30
263322,818,W 10TH AV,FAGUS,SYLVATICA,DAWYCKII,DAWYCK'S BEECH,N,N,4,800,W 10TH AV,FAIRVIEW,EVEN,2,3,Y,NA,NA,NA,20-30
263325,975,W 10TH AV,FAGUS,SYLVATICA,DAWYCKII,DAWYCK'S BEECH,N,N,4,900,W 10TH AV,FAIRVIEW,ODD,2,3,N,NA,NA,NA,20-30
263349,866,W 10TH AV,FAGUS,SYLVATICA,DAWYCKII,DAWYCK'S BEECH,N,N,8,800,W 10TH AV,FAIRVIEW,EVEN,2,3,Y,NA,-123.123599,49.262342,20-30
263795,675,W 10TH AV,ULMUS,AMERICANA,NA,AMERICAN ELM,N,N,6,2500,ASH ST,FAIRVIEW,ODD,6,28,Y,NA,NA,NA,60-70
263867,890,W 12TH AV,ACER,RUBRUM,NA,RED MAPLE,N,N,B,800,W 12TH AV,FAIRVIEW,EVEN,4,16,Y,NA,NA,NA,40-50
263887,750,W 12TH AV,ACER,RUBRUM,FRANK JR,SCARLET MAPLE FRANK JR,N,N,8,700,W 12TH AV,FAIRVIEW,EVEN,3,9,Y,NA,NA,NA,30-40
263894,750,W 12TH AV,ACER,RUBRUM,FRANK JR,SCARLET MAPLE FRANK JR,N,N,5,700,W 12TH AV,FAIRVIEW,EVEN,3,8.5,Y,NA,NA,NA,30-40
263895,750,W 12TH AV,ACER,RUBRUM,FRANK JR,SCARLET MAPLE FRANK JR,N,N,4,700,W 12TH AV,FAIRVIEW,EVEN,3,8,Y,NA,NA,NA,30-40
263897,750,W 12TH AV,ACER,RUBRUM,FRANK JR,SCARLET MAPLE FRANK JR,N,N,2,700,W 12TH AV,FAIRVIEW,EVEN,3,6,Y,NA,NA,NA,30-40
264089,820,W 12TH AV,NYSSA,SYLVATICA,NA,TUPELO,N,N,3,800,W 12TH AV,FAIRVIEW,EVEN,1,3,Y,NA,-123.12213,49.260444,10-20
265270,1450,W 12TH AV,FAGUS,SYLVATICA,DAWYCKII,DAWYCK'S BEECH,N,N,C,1400,W 12TH AV,FAIRVIEW,EVEN,1,3,Y,NA,-123.137838,49.260672,10-20
265483,2836,ASH ST,FRAXINUS,EXCELSIOR,NA,EUROPEAN ASH,N,N,7,2800,ASH ST,FAIRVIEW,EVEN,4,20,Y,NA,NA,NA,40-50
265484,2836,ASH ST,FRAXINUS,EXCELSIOR,NA,EUROPEAN ASH,N,N,7,2800,ASH ST,FAIRVIEW,EVEN,4,20,Y,NA,NA,NA,40-50
265673,1405,W 12TH AV,NYSSA,SYLVATICA,NA,TUPELO,N,N,C,1400,W 12TH AV,FAIRVIEW,ODD,1,3,Y,NA,NA,NA,10-20
265676,1465,W 12TH AV,NYSSA,SYLVATICA,NA,TUPELO,N,N,C,1400,W 12TH AV,FAIRVIEW,ODD,1,3,Y,NA,-123.137649,49.260842,10-20
265677,1465,W 12TH AV,NYSSA,SYLVATICA,NA,TUPELO,N,N,C,1400,W 12TH AV,FAIRVIEW,ODD,1,3,Y,NA,-123.137117,49.260833,10-20
265678,1465,W 12TH AV,NYSSA,SYLVATICA,NA,TUPELO,N,N,C,1400,W 12TH AV,FAIRVIEW,ODD,1,3,Y,NA,-123.136956,49.260831,10-20
265679,1465,W 12TH AV,NYSSA,SYLVATICA,NA,TUPELO,N,N,C,1400,W 12TH AV,FAIRVIEW,ODD,1,3,Y,NA,NA,NA,10-20
199863,1245,W 12TH AV,ACER,RUBRUM,NORTHWOOD,NORTHWOOD RED MAPLE,N,N,4,1200,W 12TH AV,FAIRVIEW,ODD,3,7,Y,2002-11-01,-123.132574,49.260733,30-40
199865,1295,W 12TH AV,ACER,RUBRUM,NORTHWOOD,NORTHWOOD RED MAPLE,N,N,4,1200,W 12TH AV,FAIRVIEW,ODD,2,7.5,Y,2002-11-01,-123.133555,49.260747,20-30
199876,1745,W 12TH AV,ACER,PLATANOIDES,DRUMMONDI,SILVER VARIEGATED NORWAY MAPLE,N,N,8,1700,W 12TH AV,FAIRVIEW,ODD,2,4,Y,2003-02-24,-123.144578,49.260931,20-30
200886,1636,W 10TH AV,ACER,RUBRUM,BOWHALL,BOWHALL RED MAPLE,N,N,B,1600,W 10TH AV,FAIRVIEW,EVEN,2,7,Y,2004-03-16,-123.141946,49.262622,20-30
205384,1116,W 12TH AV,ACER,FREEMANI   X,AUTUMN BLAZE,AUTUMN BLAZE RED MAPLE,N,Y,4,1100,W 12TH AV,FAIRVIEW,EVEN,3,5,Y,2004-11-10,-123.129604,49.260567,30-40
205385,1126,W 12TH AV,ACER,FREEMANI   X,AUTUMN BLAZE,AUTUMN BLAZE RED MAPLE,N,Y,4,1100,W 12TH AV,FAIRVIEW,EVEN,2,9,Y,2004-11-10,-123.129741,49.260569,20-30
205387,1150,W 12TH AV,ACER,FREEMANI   X,AUTUMN BLAZE,AUTUMN BLAZE RED MAPLE,N,Y,4,1100,W 12TH AV,FAIRVIEW,EVEN,4,5,Y,2004-11-10,-123.130155,49.260575,40-50
205389,1156,W 12TH AV,ACER,FREEMANI   X,AUTUMN BLAZE,AUTUMN BLAZE RED MAPLE,N,Y,4,1100,W 12TH AV,FAIRVIEW,EVEN,4,6,Y,2004-11-10,-123.13049,49.260581,40-50
205390,1176,W 12TH AV,ACER,FREEMANI   X,AUTUMN BLAZE,AUTUMN BLAZE RED MAPLE,N,Y,4,1100,W 12TH AV,FAIRVIEW,EVEN,4,6,Y,2004-11-10,-123.130658,49.260583,40-50
205391,1176,W 12TH AV,ACER,FREEMANI   X,AUTUMN BLAZE,AUTUMN BLAZE RED MAPLE,N,Y,4,1100,W 12TH AV,FAIRVIEW,EVEN,4,5,Y,2004-11-10,-123.130863,49.260589,40-50
205392,1190,W 12TH AV,ACER,FREEMANI   X,AUTUMN BLAZE,AUTUMN BLAZE RED MAPLE,N,Y,4,1100,W 12TH AV,FAIRVIEW,EVEN,4,7.5,Y,2004-11-10,-123.131045,49.260592,40-50
224640,655,W 12TH AV,FAGUS,SYLVATICA,DAWYCKII,DAWYCK'S BEECH,N,N,NA,600,W 12TH AV,FAIRVIEW,ODD,1,4.5,Y,2008-04-01,-123.119728,49.260544,10-20
225434,550,W 12TH AV,ACER,FREEMANI   X,AUTUMN BLAZE,AUTUMN BLAZE RED MAPLE,N,N,NA,500,W 12TH AV,FAIRVIEW,EVEN,1,5.5,Y,2009-03-04,-123.116724,49.260336,10-20
190357,2532,ASH ST,ACER,RUBRUM,OCTOBER GLORY,OCTOBER GLORY RED MAPLE,N,N,7,2500,ASH ST,FAIRVIEW,EVEN,1,4,Y,2002-01-03,-123.117439,49.262914,10-20
190844,2970,OAK ST,PRUNUS,CERASIFERA,NIGRA,NIGHT PURPLE LEAF PLUM,N,N,B,2900,OAK ST,FAIRVIEW,EVEN,1,3,Y,2002-01-25,-123.126446,49.258781,10-20
191192,500,W 10TH AV,ULMUS,AMERICANA,NA,AMERICAN ELM,N,N,10,500,W 10TH AV,FAIRVIEW,EVEN,4,9,Y,NA,-123.115867,49.262214,40-50
191647,2970,OAK ST,MAGNOLIA,KOBUS,NA,KOBUS MAGNOLIA,N,N,B,2900,OAK ST,FAIRVIEW,EVEN,2,6,Y,2002-03-04,-123.126601,49.258892,20-30
192497,2425,OAK ST,CARPINUS,BETULUS,FASTIGIATA,PYRAMIDAL EUROPEAN HORNBEAM,N,N,8,2400,OAK ST,FAIRVIEW,ODD,1,3,Y,2002-04-10,NA,NA,10-20
161484,2970,OAK ST,PRUNUS,CERASIFERA,NIGRA,NIGHT PURPLE LEAF PLUM,N,N,B,2900,OAK ST,FAIRVIEW,EVEN,1,7.25,Y,2002-01-25,-123.126531,49.258781,10-20
161909,1375,W 10TH AV,CHAMAECYPARIS,LAWSONIANA,NA,LAWSON CYPRESS/PORT ORFORD CED,N,N,B,1600,W 10TH AV,FAIRVIEW,ODD,5,14,Y,NA,NA,NA,50-60
162037,1646,W 10TH AV,ACER,FREEMANI   X,SCARLET SENTINEL,FREEMAN'S S.S. MAPLE,N,N,B,1600,W 10TH AV,FAIRVIEW,EVEN,2,7,Y,1997-03-24,-123.142211,49.262628,20-30
162058,600,W 10TH AV,CHAMAECYPARIS,SPECIES,NA,FALSECYPRESS SPECIES,Y,N,B,2500,ASH ST,FAIRVIEW,ODD,5,6,Y,NA,NA,NA,50-60
229717,3099,OAK ST,ACER,TRUNCATUM,PACIFIC SUNSET,PACIFIC SUNSET MAPLE,N,N,9,3000,OAK ST,FAIRVIEW,ODD,1,3,Y,2010-11-17,-123.127103,49.257942,10-20
231032,555,W 12TH AV,ACER,RUBRUM,NA,RED MAPLE,N,N,4,500,W 12TH AV,FAIRVIEW,ODD,4,10,Y,NA,-123.116805,49.260503,40-50
211743,550,W 12TH AV,ACER,FREEMANI   X,SCARLET SENTINEL,FREEMAN'S S.S. MAPLE,N,Y,C,500,W 12TH AV,FAIRVIEW,EVEN,1,7,Y,2006-02-28,-123.116467,49.260333,10-20
220867,3087,OAK ST,ACER,RUBRUM,NA,RED MAPLE,N,N,9,3000,OAK ST,FAIRVIEW,ODD,2,3,Y,2006-11-23,-123.126944,49.258467,20-30
220885,2217,ASH ST,SYRINGA,RETICULATA,IVORY SILK,TREE LILAC,N,N,3,2200,ASH ST,FAIRVIEW,ODD,3,5,Y,2006-11-23,-123.117506,49.265614,30-40
223128,818,W 10TH AV,CERCIDIPHYLLUM,JAPONICUM,NA,KATSURA TREE,N,Y,8,800,W 10TH AV,FAIRVIEW,EVEN,2,3,Y,2010-02-09,NA,NA,20-30
190758,1298,W 10TH AV,PRUNUS,LUSITANICA,NA,PORTUGUESE LAUREL,N,N,B,1200,W 10TH AV,FAIRVIEW,EVEN,2,10,Y,NA,-123.13357,49.262486,20-30
192499,2425,OAK ST,CARPINUS,BETULUS,FASTIGIATA,PYRAMIDAL EUROPEAN HORNBEAM,N,N,8,2400,OAK ST,FAIRVIEW,ODD,1,3,Y,2002-04-10,NA,NA,10-20
153701,701,W 10TH AV,SORBUS,AMERICANA,NA,AMERICAN MOUNTAIN ASH,Y,N,7,700,W 10TH AV,FAIRVIEW,ODD,2,10,Y,NA,NA,NA,20-30
154428,1695,W 10TH AV,ACER,PLATANOIDES,NA,NORWAY MAPLE,N,N,B,1600,W 10TH AV,FAIRVIEW,ODD,5,32,Y,NA,-123.143242,49.262783,50-60
152017,1750,W 10TH AV,ROBINIA,PSEUDOACACIA,NA,BLACK LOCUST,N,N,B,1700,W 10TH AV,FAIRVIEW,EVEN,7,72,Y,NA,-123.144442,49.262658,70-80
154429,1695,W 10TH AV,ACER,PLATANOIDES,NA,NORWAY MAPLE,N,N,B,1600,W 10TH AV,FAIRVIEW,ODD,5,18,Y,NA,-123.143112,49.262783,50-60
154430,1695,W 10TH AV,ACER,PLATANOIDES,NA,NORWAY MAPLE,N,N,B,1600,W 10TH AV,FAIRVIEW,ODD,5,37,Y,NA,-123.143001,49.262778,50-60
154537,1200,W 10TH AV,PRUNUS,SERRULATA,KWANZAN,KWANZAN FLOWERING CHERRY,Y,N,B,1200,W 10TH AV,FAIRVIEW,EVEN,3,6,Y,NA,-123.131595,49.262458,30-40
154538,1200,W 10TH AV,PRUNUS,SERRULATA,KWANZAN,KWANZAN FLOWERING CHERRY,Y,N,B,1200,W 10TH AV,FAIRVIEW,EVEN,3,10,Y,NA,-123.131665,49.262458,30-40
162036,835,W 10TH AV,ULMUS,AMERICANA,BRANDON,BRANDON ELM,N,N,7,800,W 10TH AV,FAIRVIEW,ODD,2,9,Y,1999-02-08,-123.122796,49.262422,20-30
253563,1366,W 12TH AV,ACER,FREEMANI   X,SCARLET SENTINEL,FREEMAN'S S.S. MAPLE,N,N,C,1300,W 12TH AV,FAIRVIEW,EVEN,1,3,Y,2018-03-15,NA,NA,10-20
261968,1115,W 10TH AV,RHUS,SPECIES,NA,SUMAC SPECIES,N,N,B,1100,W 10TH AV,FAIRVIEW,ODD,2,5,Y,NA,NA,NA,20-30
263309,925,W 10TH AV,ACER,MACROPHYLLUM,NA,BIGLEAF MAPLE,N,N,B,900,W 10TH AV,FAIRVIEW,ODD,5,16,Y,NA,NA,NA,50-60
263310,925,W 10TH AV,CARPINUS,BETULUS,NA,EUROPEAN HORNBEAM,N,N,B,900,W 10TH AV,FAIRVIEW,ODD,2,3,Y,NA,NA,NA,20-30
263313,925,W 10TH AV,CARPINUS,BETULUS,NA,EUROPEAN HORNBEAM,N,N,5,900,W 10TH AV,FAIRVIEW,ODD,2,3,Y,NA,NA,NA,20-30
263314,935,W 10TH AV,CARPINUS,BETULUS,NA,EUROPEAN HORNBEAM,N,N,8,900,W 10TH AV,FAIRVIEW,ODD,2,3,Y,NA,NA,NA,20-30
263317,955,W 10TH AV,FAGUS,SYLVATICA,DAWYCKII,DAWYCK'S BEECH,N,N,4,900,W 10TH AV,FAIRVIEW,ODD,2,3,Y,NA,NA,NA,20-30
263323,835,W 10TH AV,CARPINUS,BETULUS,NA,EUROPEAN HORNBEAM,N,N,6,800,W 10TH AV,FAIRVIEW,ODD,2,3,Y,NA,NA,NA,20-30
263324,969,W 10TH AV,FAGUS,SYLVATICA,DAWYCKII,DAWYCK'S BEECH,N,N,4,900,W 10TH AV,FAIRVIEW,ODD,2,3,Y,NA,NA,NA,20-30
263326,975,W 10TH AV,FAGUS,SYLVATICA,DAWYCKII,DAWYCK'S BEECH,N,N,4,900,W 10TH AV,FAIRVIEW,ODD,2,3,Y,NA,NA,NA,20-30
263347,866,W 10TH AV,FAGUS,SYLVATICA,DAWYCKII,DAWYCK'S BEECH,N,N,4,800,W 10TH AV,FAIRVIEW,EVEN,2,3,Y,NA,-123.123321,49.262339,20-30
263861,820,W 12TH AV,QUERCUS,SPECIES,NA,OAK SPECIES,N,N,3,800,W 12TH AV,FAIRVIEW,EVEN,3,7,Y,NA,NA,NA,30-40
263864,890,W 12TH AV,ACER,RUBRUM,NA,RED MAPLE,N,N,B,800,W 12TH AV,FAIRVIEW,EVEN,4,12,Y,NA,NA,NA,40-50
263888,750,W 12TH AV,ACER,RUBRUM,FRANK JR,SCARLET MAPLE FRANK JR,N,N,8,700,W 12TH AV,FAIRVIEW,EVEN,3,8.5,Y,NA,NA,NA,30-40
263892,750,W 12TH AV,ACER,RUBRUM,FRANK JR,SCARLET MAPLE FRANK JR,N,N,7,700,W 12TH AV,FAIRVIEW,EVEN,3,8.5,Y,NA,NA,NA,30-40
263893,750,W 12TH AV,ACER,RUBRUM,FRANK JR,SCARLET MAPLE FRANK JR,N,N,6,700,W 12TH AV,FAIRVIEW,EVEN,3,8.5,Y,NA,NA,NA,30-40
263898,750,W 12TH AV,ACER,RUBRUM,FRANK JR,SCARLET MAPLE FRANK JR,N,N,2,700,W 12TH AV,FAIRVIEW,EVEN,3,7,Y,NA,NA,NA,30-40
206855,2829,ASH ST,FRAXINUS,AMERICANA,AUTUMN APPLAUSE,AUTUMN APPLAUSE ASH,N,N,4,2800,ASH ST,FAIRVIEW,ODD,4,9.5,N,NA,-123.117693,49.260036,40-50
206857,2829,ASH ST,FRAXINUS,AMERICANA,AUTUMN APPLAUSE,AUTUMN APPLAUSE ASH,N,N,4,2800,ASH ST,FAIRVIEW,ODD,4,13,Y,NA,-123.117684,49.260203,40-50
206858,2829,ASH ST,FRAXINUS,AMERICANA,AUTUMN APPLAUSE,AUTUMN APPLAUSE ASH,N,N,6,2800,ASH ST,FAIRVIEW,ODD,3,13.5,N,NA,-123.117682,49.260283,30-40
265264,1366,W 12TH AV,FAGUS,SYLVATICA,DAWYCKII,DAWYCK'S BEECH,N,N,C,1300,W 12TH AV,FAIRVIEW,EVEN,1,3,Y,NA,-123.135488,49.260644,10-20
265265,1366,W 12TH AV,FAGUS,SYLVATICA,DAWYCKII,DAWYCK'S BEECH,N,N,C,1300,W 12TH AV,FAIRVIEW,EVEN,1,3,Y,NA,-123.135333,49.260644,10-20
265266,1366,W 12TH AV,FAGUS,SYLVATICA,DAWYCKII,DAWYCK'S BEECH,N,N,C,1300,W 12TH AV,FAIRVIEW,EVEN,1,3,Y,NA,-123.135188,49.260644,10-20
265269,1450,W 12TH AV,FAGUS,SYLVATICA,DAWYCKII,DAWYCK'S BEECH,N,N,C,1400,W 12TH AV,FAIRVIEW,EVEN,1,3,Y,NA,-123.137699,49.260672,10-20
265674,1405,W 12TH AV,NYSSA,SYLVATICA,NA,TUPELO,N,N,C,1400,W 12TH AV,FAIRVIEW,ODD,1,3,Y,NA,NA,NA,10-20
54107,1364,W 10TH AV,ACER,RUBRUM,BOWHALL,BOWHALL RED MAPLE,N,N,3,1300,W 10TH AV,FAIRVIEW,EVEN,1,3,Y,2008-11-25,-123.135264,49.262539,10-20
54122,1384,W 10TH AV,ACER,RUBRUM,BOWHALL,BOWHALL RED MAPLE,N,N,3,1300,W 10TH AV,FAIRVIEW,EVEN,1,3,Y,2008-11-25,-123.135638,49.262542,10-20
54124,1396,W 10TH AV,ACER,PLATANOIDES,EMERALD QUEEN,EMERALD QUEEN NORWAY MAPLE,N,N,8,1300,W 10TH AV,FAIRVIEW,EVEN,1,3,Y,2008-11-25,-123.135926,49.262553,10-20
57280,2524,ASH ST,ULMUS,AMERICANA,NA,AMERICAN ELM,N,N,7,2500,ASH ST,FAIRVIEW,EVEN,6,27,Y,NA,-123.117438,49.263014,60-70
57283,575,W 10TH AV,ULMUS,AMERICANA,NA,AMERICAN ELM,N,N,7,2500,ASH ST,FAIRVIEW,EVEN,5,24,Y,NA,-123.117446,49.262681,50-60
57288,2639,ASH ST,QUERCUS,RUBRA,NA,RED OAK,Y,N,7,2600,ASH ST,FAIRVIEW,ODD,4,20,Y,NA,-123.11763,49.261869,40-50
57293,2638,ASH ST,QUERCUS,RUBRA,NA,RED OAK,N,N,7,2600,ASH ST,FAIRVIEW,EVEN,5,26,Y,NA,-123.11748,49.261964,50-60
57303,2786,ASH ST,QUERCUS,RUBRA,NA,RED OAK,Y,N,7,2700,ASH ST,FAIRVIEW,EVEN,6,23,Y,NA,-123.117499,49.261319,60-70
57305,2786,ASH ST,QUERCUS,RUBRA,NA,RED OAK,Y,N,7,2700,ASH ST,FAIRVIEW,EVEN,6,28,Y,NA,-123.117512,49.260989,60-70
57306,2786,ASH ST,QUERCUS,RUBRA,NA,RED OAK,Y,N,7,2700,ASH ST,FAIRVIEW,EVEN,6,22.5,Y,NA,-123.117524,49.260681,60-70
57308,2836,ASH ST,FRAXINUS,EXCELSIOR,NA,EUROPEAN ASH,N,N,7,2800,ASH ST,FAIRVIEW,EVEN,4,18,Y,NA,NA,NA,40-50
57309,2836,ASH ST,FRAXINUS,EXCELSIOR,NA,EUROPEAN ASH,N,N,7,2800,ASH ST,FAIRVIEW,EVEN,4,13,Y,NA,-123.117562,49.259672,40-50
57313,2920,ASH ST,CATALPA,HYBRIDA X,NA,HYBRID CATALPA,N,N,7,2900,ASH ST,FAIRVIEW,EVEN,2,6,Y,NA,-123.117574,49.259392,20-30
91042,1047,W 12TH AV,PYRUS,CALLERYANA,CHANTICLEER,CHANTICLEER PEAR,N,N,5,1000,W 12TH AV,FAIRVIEW,MED,1,3,Y,2005-03-30,-123.127899,49.260603,10-20
91045,1055,W 12TH AV,PYRUS,CALLERYANA,CHANTICLEER,CHANTICLEER PEAR,N,N,5,1000,W 12TH AV,FAIRVIEW,MED,1,3,Y,2005-03-30,-123.128062,49.260603,10-20
247886,1160,W 10TH AV,ACER,RUBRUM,BOWHALL,BOWHALL RED MAPLE,N,N,B,1100,W 10TH AV,FAIRVIEW,EVEN,1,3,Y,2013-12-08,NA,NA,10-20
248174,700,W 10TH AV,CARPINUS,BETULUS,FASTIGIATA,PYRAMIDAL EUROPEAN HORNBEAM,N,N,7,700,W 10TH AV,FAIRVIEW,EVEN,3,19,Y,2015-01-05,-123.121101,49.262306,30-40
169008,590,W 12TH AV,FRAXINUS,AMERICANA,AUTUMN APPLAUSE,AUTUMN APPLAUSE ASH,N,N,8,2800,ASH ST,FAIRVIEW,EVEN,2,8,Y,1999-12-03,-123.117548,49.260058,20-30
169605,1216,W 10TH AV,THUJA,PLICATA,NA,WESTERN RED CEDAR,N,N,B,1200,W 10TH AV,FAIRVIEW,EVEN,2,7,Y,NA,-123.131804,49.262461,20-30
169608,1216,W 10TH AV,PSEUDOTSUGA,MENZIESII,NA,DOUGLAS FIR,N,N,B,1200,W 10TH AV,FAIRVIEW,EVEN,5,20,Y,NA,-123.131978,49.262461,50-60
169609,1216,W 10TH AV,TSUGA,MERTENSIANA,NA,MOUNTAIN BLACK HEMLOCK,N,N,B,1200,W 10TH AV,FAIRVIEW,EVEN,4,13,Y,NA,-123.131982,49.262436,40-50
173839,1675,W 10TH AV,ACER,RUBRUM,NA,RED MAPLE,N,N,4,1600,W 10TH AV,FAIRVIEW,ODD,4,12,Y,1997-06-09,-123.142261,49.262736,40-50
180087,1581,W 10TH AV,ACER,FREEMANI   X,ARMSTRONG,ARMSTRONG RED MAPLE,Y,N,6,1500,W 10TH AV,FAIRVIEW,ODD,2,7.5,Y,1998-11-10,-123.140381,49.262725,20-30
180088,1581,W 10TH AV,ACER,FREEMANI   X,ARMSTRONG,ARMSTRONG RED MAPLE,Y,N,6,1500,W 10TH AV,FAIRVIEW,ODD,2,8,Y,1998-11-10,-123.140278,49.262722,20-30
180089,1581,W 10TH AV,ACER,FREEMANI   X,ARMSTRONG,ARMSTRONG RED MAPLE,Y,N,6,1500,W 10TH AV,FAIRVIEW,ODD,2,9,Y,1998-11-10,-123.140179,49.262722,20-30
180239,655,W 12TH AV,ACER,RUBRUM,RED SUNSET,RED SUNSET RED MAPLE,N,N,C,2700,ASH ST,FAIRVIEW,ODD,2,9,Y,NA,-123.117706,49.260597,20-30
180240,655,W 12TH AV,ACER,RUBRUM,RED SUNSET,RED SUNSET RED MAPLE,N,N,C,2700,ASH ST,FAIRVIEW,ODD,2,10,Y,NA,-123.117701,49.260686,20-30
257119,1633,W 10TH AV,ACER,FREEMANI   X,MORGAN,MORGAN RED MAPLE,N,N,4,1600,W 10TH AV,FAIRVIEW,ODD,1,3.5,Y,NA,NA,NA,10-20
261967,1115,W 10TH AV,FRAXINUS,SPECIES,NA,ASH SPECIES,N,N,B,1100,W 10TH AV,FAIRVIEW,ODD,2,15,Y,NA,NA,NA,20-30
263308,925,W 10TH AV,CARPINUS,BETULUS,NA,EUROPEAN HORNBEAM,N,N,B,900,W 10TH AV,FAIRVIEW,ODD,2,3,Y,NA,NA,NA,20-30
263312,935,W 10TH AV,FAGUS,SYLVATICA,DAWYCKII,DAWYCK'S BEECH,N,N,4,900,W 10TH AV,FAIRVIEW,ODD,2,3,Y,NA,NA,NA,20-30
263315,955,W 10TH AV,FAGUS,SYLVATICA,DAWYCKII,DAWYCK'S BEECH,N,N,10,900,W 10TH AV,FAIRVIEW,ODD,2,3,Y,NA,NA,NA,20-30
263319,820,W 10TH AV,FAGUS,SYLVATICA,DAWYCKII,DAWYCK'S BEECH,N,N,4,800,W 10TH AV,FAIRVIEW,EVEN,2,3,Y,NA,NA,NA,20-30
263321,818,W 10TH AV,FAGUS,SYLVATICA,DAWYCKII,DAWYCK'S BEECH,N,N,4,800,W 10TH AV,FAIRVIEW,EVEN,2,3,Y,NA,NA,NA,20-30
263348,866,W 10TH AV,FAGUS,SYLVATICA,DAWYCKII,DAWYCK'S BEECH,N,N,4,800,W 10TH AV,FAIRVIEW,EVEN,2,3,Y,NA,-123.123456,49.262342,20-30
263758,899,W 12TH AV,ACER,SPECIES,NA,MAPLE SPECIES,N,N,5,800,W 12TH AV,FAIRVIEW,ODD,6,21.5,Y,NA,-123.1241,49.26064,60-70
263865,890,W 12TH AV,ACER,RUBRUM,NA,RED MAPLE,N,N,B,800,W 12TH AV,FAIRVIEW,EVEN,4,14,Y,NA,NA,NA,40-50
263866,890,W 12TH AV,ACER,RUBRUM,NA,RED MAPLE,N,N,B,800,W 12TH AV,FAIRVIEW,EVEN,4,16,Y,NA,NA,NA,40-50
263896,750,W 12TH AV,ACER,RUBRUM,FRANK JR,SCARLET MAPLE FRANK JR,N,N,3,700,W 12TH AV,FAIRVIEW,EVEN,3,7.5,Y,NA,NA,NA,30-40
265267,1450,W 12TH AV,FAGUS,SYLVATICA,DAWYCKII,DAWYCK'S BEECH,N,N,C,1400,W 12TH AV,FAIRVIEW,EVEN,1,3,Y,NA,-123.137439,49.260667,10-20
265268,1450,W 12TH AV,FAGUS,SYLVATICA,DAWYCKII,DAWYCK'S BEECH,N,N,C,1400,W 12TH AV,FAIRVIEW,EVEN,1,3,Y,NA,-123.137531,49.260669,10-20
265671,1405,W 12TH AV,NYSSA,SYLVATICA,NA,TUPELO,N,N,C,1400,W 12TH AV,FAIRVIEW,ODD,1,3,Y,NA,NA,NA,10-20
265672,1405,W 12TH AV,NYSSA,SYLVATICA,NA,TUPELO,N,N,C,1400,W 12TH AV,FAIRVIEW,ODD,1,3,Y,NA,NA,NA,10-20
230739,1569,W 12TH AV,ACER,RUBRUM,BOWHALL,BOWHALL RED MAPLE,N,N,3,1500,W 12TH AV,FAIRVIEW,ODD,1,3,Y,2010-12-17,-123.140289,49.260883,10-20
231003,555,W 12TH AV,QUERCUS,SPECIES,NA,OAK SPECIES,N,N,C,500,W 12TH AV,FAIRVIEW,ODD,5,22,Y,NA,-123.117252,49.260514,50-60
224641,655,W 12TH AV,FAGUS,SYLVATICA,DAWYCKII,DAWYCK'S BEECH,N,N,NA,600,W 12TH AV,FAIRVIEW,ODD,1,4.25,Y,2008-04-01,-123.119579,49.260542,10-20
224642,655,W 12TH AV,FAGUS,SYLVATICA,DAWYCKII,DAWYCK'S BEECH,N,N,NA,600,W 12TH AV,FAIRVIEW,ODD,1,4.5,Y,2008-04-01,-123.119428,49.260539,10-20
226513,1575,W 12TH AV,ACER,RUBRUM,BOWHALL,BOWHALL RED MAPLE,N,N,c,1000,W 12TH AV,FAIRVIEW,ODD,1,3,Y,2008-11-27,NA,NA,10-20
228749,1535,W 12TH AV,ACER,RUBRUM,BOWHALL,BOWHALL RED MAPLE,N,N,3,1500,W 12TH AV,FAIRVIEW,ODD,1,3,Y,2010-02-04,-123.139636,49.260872,10-20
228751,1557,W 12TH AV,ACER,RUBRUM,BOWHALL,BOWHALL RED MAPLE,N,N,3,1500,W 12TH AV,FAIRVIEW,ODD,1,3,Y,2010-02-04,-123.140141,49.260881,10-20
